Trade #,Type,Date and time,Signal,Price USDT,Position size (qty),Position size (value),Net P&L USDT,Net P&L %,Favorable excursion USDT,Favorable excursion %,Adverse excursion USDT,Adverse excursion %,Cumulative P&L USDT,Cumulative P&L %
1,Exit long,2025-01-03 19:00,Max Hold,3604.63,0.0288,99.77328,3.94,3.95,4.35,4.35,-1.28,-1.28,3.94,0.00
1,Entry long,2025-01-03 02:00,Long Entry,3464.35,0.0288,99.77328,3.94,3.95,4.35,4.35,-1.28,-1.28,3.94,0.00
2,Exit long,2025-01-04 23:00,Max Hold,3658.8,0.0278,99.955734,1.66,1.66,2.02,2.02,-0.74,-0.74,5.6,0.01
2,Entry long,2025-01-04 06:00,Long Entry,3595.53,0.0278,99.955734,1.66,1.66,2.02,2.02,-0.74,-0.74,5.6,0.01
3,Exit short,2025-01-08 09:00,Max Hold,3364.56,0.0288,99.682848,2.69,2.69,4.42,4.43,-0.9,-0.91,8.28,0.01
3,Entry short,2025-01-07 16:00,Short Entry,3461.21,0.0288,99.682848,2.69,2.69,4.42,4.43,-0.9,-0.91,8.28,0.01
4,Exit short,2025-01-10 07:00,Max Hold,3276.55,0.031,99.81039,-1.86,-1.87,1.92,1.93,-3.71,-3.71,6.42,0.01
4,Entry short,2025-01-09 14:00,Short Entry,3219.69,0.031,99.81039,-1.86,-1.87,1.92,1.93,-3.71,-3.71,6.42,0.01
5,Exit short,2025-01-14 04:00,Max Hold,3157.58,0.032,99.77088,-1.37,-1.37,6.92,6.93,-1.85,-1.86,5.05,0.01
5,Entry short,2025-01-13 11:00,Short Entry,3117.84,0.032,99.77088,-1.37,-1.37,6.92,6.93,-1.85,-1.86,5.05,0.01
6,Exit long,2025-01-15 21:00,Max Hold,3432.73,0.0308,99.791692,5.83,5.84,7.12,7.14,-1.74,-1.74,10.88,0.01
6,Entry long,2025-01-15 04:00,Long Entry,3239.99,0.0308,99.791692,5.83,5.84,7.12,7.14,-1.74,-1.74,10.88,0.01
7,Exit long,2025-01-17 05:00,Max Hold,3369.69,0.0298,99.82255,0.49,0.49,1.35,1.35,-2.63,-2.64,11.37,0.01
7,Entry long,2025-01-16 12:00,Long Entry,3349.75,0.0298,99.82255,0.49,0.49,1.35,1.35,-2.63,-2.64,11.37,0.01
8,Exit long,2025-01-18 09:00,SL,3291.85,0.0284,99.795612,-6.4,-6.41,0.26,0.26,-7.54,-7.55,4.97,0.00
8,Entry long,2025-01-17 21:00,Long Entry,3513.93,0.0284,99.795612,-6.4,-6.41,0.26,0.26,-7.54,-7.55,4.97,0.00
9,Exit short,2025-01-20 00:00,Max Hold,3214.16,0.0304,99.78192,1.97,1.98,4.59,4.60,-5.14,-5.15,6.94,0.01
9,Entry short,2025-01-19 07:00,Short Entry,3282.3,0.0304,99.78192,1.97,1.98,4.59,4.60,-5.14,-5.15,6.94,0.01
10,Exit long,2025-01-21 02:00,Max Hold,3250.4,0.0294,99.729504,-4.27,-4.27,0.56,0.56,-5.7,-5.71,2.68,0.00
10,Entry long,2025-01-20 09:00,Long Entry,3392.16,0.0294,99.729504,-4.27,-4.27,0.56,0.56,-5.7,-5.71,2.68,0.00
11,Exit short,2025-01-21 17:00,Flip,3313.17,0.0308,99.827728,-2.32,-2.32,0.19,0.19,-3.38,-3.38,0.36,0.00
11,Entry short,2025-01-21 07:00,Short Entry,3241.16,0.0308,99.827728,-2.32,-2.32,0.19,0.19,-3.38,-3.38,0.36,0.00
12,Exit long,2025-01-22 00:00,Max Hold,3326.71,0.0301,99.726417,0.31,0.31,1.6,1.60,-0.42,-0.42,0.67,0.00
12,Entry long,2025-01-21 17:00,Flip to Long,3313.17,0.0301,99.726417,0.31,0.31,1.6,1.60,-0.42,-0.42,0.67,0.00
13,Exit short,2025-01-24 03:00,Max Hold,3284.65,0.0312,99.713016,-2.87,-2.88,0.22,0.22,-4.85,-4.86,-2.2,0.00
13,Entry short,2025-01-23 10:00,Short Entry,3195.93,0.0312,99.713016,-2.87,-2.88,0.22,0.22,-4.85,-4.86,-2.2,0.00
14,Exit long,2025-01-25 04:00,Max Hold,3318.01,0.0292,99.6596,-2.87,-2.88,0.45,0.45,-4.33,-4.34,-5.07,-0.01
14,Entry long,2025-01-24 11:00,Long Entry,3413,0.0292,99.6596,-2.87,-2.88,0.45,0.45,-4.33,-4.34,-5.07,-0.01
15,Exit short,2025-01-27 22:00,Max Hold,3158.16,0.0316,99.721384,-0.18,-0.18,4.23,4.24,-2.65,-2.66,-5.25,-0.01
15,Entry short,2025-01-27 05:00,Short Entry,3155.74,0.0316,99.721384,-0.18,-0.18,4.23,4.24,-2.65,-2.66,-5.25,-0.01
16,Exit short,2025-01-29 03:00,Max Hold,3112.81,0.0312,99.706152,2.49,2.49,4.87,4.88,-0.68,-0.68,-2.76,0.00
16,Entry short,2025-01-28 10:00,Short Entry,3195.71,0.0312,99.706152,2.49,2.49,4.87,4.88,-0.68,-0.68,-2.76,0.00
17,Exit long,2025-01-31 07:00,Max Hold,3261.67,0.0306,99.808938,-0.1,-0.10,0.59,0.59,-1.56,-1.56,-2.86,0.00
17,Entry long,2025-01-30 14:00,Long Entry,3261.73,0.0306,99.808938,-0.1,-0.10,0.59,0.59,-1.56,-1.56,-2.86,0.00
18,Exit short,2025-02-02 20:00,Max Hold,2957.76,0.0321,99.973845,4.93,4.93,7.16,7.15,-0.81,-0.81,2.07,0.00
18,Entry short,2025-02-02 03:00,Short Entry,3114.45,0.0321,99.973845,4.93,4.93,7.16,7.15,-0.81,-0.81,2.07,0.00
19,Exit long,2025-02-05 11:00,Max Hold,2777.43,0.0355,99.882445,-1.38,-1.38,1.89,1.89,-6.55,-6.55,0.68,0.00
19,Entry long,2025-02-04 18:00,Long Entry,2813.59,0.0355,99.882445,-1.38,-1.38,1.89,1.89,-6.55,-6.55,0.68,0.00
20,Exit long,2025-02-07 07:00,Max Hold,2695.18,0.0358,99.887728,-3.5,-3.50,0.12,0.12,-5.07,-5.07,-2.81,0.00
20,Entry long,2025-02-06 14:00,Long Entry,2790.16,0.0358,99.887728,-3.5,-3.50,0.12,0.12,-5.07,-5.07,-2.81,0.00
21,Exit short,2025-02-08 13:00,Max Hold,2603.75,0.0376,99.933656,1.93,1.93,3.6,3.60,-0.4,-0.40,-0.88,0.00
21,Entry short,2025-02-07 20:00,Short Entry,2657.81,0.0376,99.933656,1.93,1.93,3.6,3.60,-0.4,-0.40,-0.88,0.00
22,Exit long,2025-02-18 08:00,Max Hold,2671,0.0353,99.741562,-5.55,-5.56,0.77,0.77,-6.24,-6.25,-6.43,-0.01
22,Entry long,2025-02-17 15:00,Long Entry,2825.54,0.0353,99.741562,-5.55,-5.56,0.77,0.77,-6.24,-6.25,-6.43,-0.01
23,Exit long,2025-02-24 03:00,Max Hold,2775.52,0.0356,99.913892,-1.2,-1.21,1.88,1.88,-1.29,-1.29,-7.64,-0.01
23,Entry long,2025-02-23 10:00,Long Entry,2806.57,0.0356,99.913892,-1.2,-1.21,1.88,1.88,-1.29,-1.29,-7.64,-0.01
24,Exit short,2025-02-25 15:00,Max Hold,2378.05,0.0379,99.884313,9.66,9.67,13.15,13.16,-0.11,-0.11,2.02,0.00
24,Entry short,2025-02-24 22:00,Short Entry,2635.47,0.0379,99.884313,9.66,9.67,13.15,13.16,-0.11,-0.11,2.02,0.00
25,Exit short,2025-02-27 12:00,Max Hold,2352.77,0.0436,99.915504,-2.77,-2.77,1.64,1.64,-4.02,-4.02,-0.74,0.00
25,Entry short,2025-02-26 19:00,Short Entry,2291.64,0.0436,99.915504,-2.77,-2.77,1.64,1.64,-4.02,-4.02,-0.74,0.00
26,Exit short,2025-02-28 06:00,Max Hold,2131.02,0.0426,99.940026,9.06,9.06,10.82,10.82,-0.71,-0.71,8.32,0.01
26,Entry short,2025-02-27 13:00,Short Entry,2346.01,0.0426,99.940026,9.06,9.06,10.82,10.82,-0.71,-0.71,8.32,0.01
27,Exit long,2025-03-03 10:00,Max Hold,2346.11,0.0409,99.864712,-4.01,-4.01,4.38,4.38,-4.99,-4.99,4.31,0.00
27,Entry long,2025-03-02 17:00,Long Entry,2441.68,0.0409,99.864712,-4.01,-4.01,4.38,4.38,-4.99,-4.99,4.31,0.00
28,Exit short,2025-03-04 19:00,Max Hold,2146.83,0.0486,99.90459,-4.53,-4.54,3.63,3.63,-5.03,-5.04,-0.22,0.00
28,Entry short,2025-03-04 02:00,Short Entry,2055.65,0.0486,99.90459,-4.53,-4.54,3.63,3.63,-5.03,-5.04,-0.22,0.00
29,Exit long,2025-03-06 11:00,Max Hold,2293.05,0.0455,99.80698,4.42,4.43,5.66,5.67,-0.96,-0.96,4.21,0.00
29,Entry long,2025-03-05 18:00,Long Entry,2193.56,0.0455,99.80698,4.42,4.43,5.66,5.67,-0.96,-0.96,4.21,0.00
30,Exit short,2025-03-08 14:00,Max Hold,2189.26,0.0463,99.838542,-1.62,-1.63,2.42,2.42,-1.98,-1.98,2.58,0.00
30,Entry short,2025-03-07 21:00,Short Entry,2156.34,0.0463,99.838542,-1.62,-1.63,2.42,2.42,-1.98,-1.98,2.58,0.00
31,Exit short,2025-03-11 08:00,Max Hold,1903.07,0.0495,99.896445,5.6,5.60,13.1,13.10,-1.27,-1.28,8.18,0.01
31,Entry short,2025-03-10 15:00,Short Entry,2018.11,0.0495,99.896445,5.6,5.60,13.1,13.10,-1.27,-1.28,8.18,0.01
32,Exit short,2025-03-12 06:00,Max Hold,1877.48,0.0527,99.82434,0.78,0.78,2.84,2.84,-4.03,-4.04,8.96,0.01
32,Entry short,2025-03-11 13:00,Short Entry,1894.2,0.0527,99.82434,0.78,0.78,2.84,2.84,-4.03,-4.04,8.96,0.01
33,Exit long,2025-03-20 12:00,Max Hold,1988.39,0.0489,99.990231,-2.86,-2.86,1.17,1.17,-3.69,-3.69,6.1,0.01
33,Entry long,2025-03-19 19:00,Long Entry,2044.79,0.0489,99.990231,-2.86,-2.86,1.17,1.17,-3.69,-3.69,6.1,0.01
34,Exit short,2025-03-29 10:00,Max Hold,1876.3,0.0535,99.98294,-0.5,-0.50,0.58,0.58,-2.41,-2.41,5.6,0.01
34,Entry short,2025-03-28 17:00,Short Entry,1868.84,0.0535,99.98294,-0.5,-0.50,0.58,0.58,-2.41,-2.41,5.6,0.01
35,Exit short,2025-03-30 04:00,Max Hold,1833.31,0.0535,99.9273,1.75,1.75,3.78,3.79,-0.38,-0.38,7.35,0.01
35,Entry short,2025-03-29 11:00,Short Entry,1867.8,0.0535,99.9273,1.75,1.75,3.78,3.79,-0.38,-0.38,7.35,0.01
36,Exit short,2025-04-04 06:00,Max Hold,1805.09,0.0568,99.886776,-2.74,-2.75,0.44,0.44,-3.69,-3.69,4.61,0.00
36,Entry short,2025-04-03 13:00,Short Entry,1758.57,0.0568,99.886776,-2.74,-2.75,0.44,0.44,-3.69,-3.69,4.61,0.00
37,Exit short,2025-04-07 12:00,Max Hold,1482.34,0.0618,99.96768,8.26,8.26,12.78,12.78,-1.16,-1.16,12.87,0.01
37,Entry short,2025-04-06 19:00,Short Entry,1617.6,0.0618,99.96768,8.26,8.26,12.78,12.78,-1.16,-1.16,12.87,0.01
38,Exit long,2025-04-13 09:00,Max Hold,1619.7,0.0604,99.967436,-2.24,-2.24,0.34,0.34,-3.61,-3.61,10.63,0.01
38,Entry long,2025-04-12 16:00,Long Entry,1655.09,0.0604,99.967436,-2.24,-2.24,0.34,0.34,-3.61,-3.61,10.63,0.01
39,Exit long,2025-04-23 20:00,Max Hold,1785.44,0.0558,99.955098,-0.43,-0.43,2.56,2.56,-1.74,-1.74,10.21,0.01
39,Entry long,2025-04-23 03:00,Long Entry,1791.31,0.0558,99.955098,-0.43,-0.43,2.56,2.56,-1.74,-1.74,10.21,0.01
40,Exit long,2025-05-08 21:00,Max Hold,2184.46,0.0526,99.966826,14.83,14.83,15.66,15.65,-0.53,-0.53,25.03,0.03
40,Entry long,2025-05-08 04:00,Long Entry,1900.51,0.0526,99.966826,14.83,14.83,15.66,15.65,-0.53,-0.53,25.03,0.03
41,Exit long,2025-05-12 10:00,Max Hold,2549.73,0.0404,99.789616,3.12,3.12,6.2,6.21,-0.23,-0.23,28.15,0.03
41,Entry long,2025-05-11 17:00,Long Entry,2470.04,0.0404,99.789616,3.12,3.12,6.2,6.21,-0.23,-0.23,28.15,0.03
42,Exit long,2025-05-14 12:00,Max Hold,2624.16,0.0374,99.813868,-1.77,-1.77,2.56,2.56,-3.56,-3.56,26.38,0.03
42,Entry long,2025-05-13 19:00,Long Entry,2668.82,0.0374,99.813868,-1.77,-1.77,2.56,2.56,-3.56,-3.56,26.38,0.03
43,Exit long,2025-05-15 11:00,Max Hold,2542.36,0.0386,99.936172,-1.9,-1.90,2.15,2.15,-2.95,-2.95,24.48,0.02
43,Entry long,2025-05-14 18:00,Long Entry,2589.02,0.0386,99.936172,-1.9,-1.90,2.15,2.15,-2.95,-2.95,24.48,0.02
44,Exit short,2025-05-16 07:00,Max Hold,2596.46,0.0395,99.95396,-2.71,-2.71,2.12,2.12,-2.94,-2.93,21.78,0.02
44,Entry short,2025-05-15 14:00,Short Entry,2530.48,0.0395,99.95396,-2.71,-2.71,2.12,2.12,-2.94,-2.93,21.78,0.02
45,Exit short,2025-05-18 20:00,Max Hold,2406.78,0.0403,99.947627,2.86,2.86,3.1,3.10,-4.38,-4.38,24.63,0.02
45,Entry short,2025-05-18 03:00,Short Entry,2480.09,0.0403,99.947627,2.86,2.86,3.1,3.10,-4.38,-4.38,24.63,0.02
46,Exit long,2025-05-21 14:00,Max Hold,2545.42,0.0397,99.749823,1.2,1.21,4.03,4.04,-1.08,-1.08,25.83,0.03
46,Entry long,2025-05-20 21:00,Long Entry,2512.59,0.0397,99.749823,1.2,1.21,4.03,4.04,-1.08,-1.08,25.83,0.03
47,Exit long,2025-05-22 22:00,Max Hold,2635.16,0.038,99.84006,0.2,0.20,2.43,2.43,-1.03,-1.03,26.03,0.03
47,Entry long,2025-05-22 05:00,Long Entry,2627.37,0.038,99.84006,0.2,0.20,2.43,2.43,-1.03,-1.03,26.03,0.03
48,Exit long,2025-05-23 19:00,Max Hold,2558.71,0.0373,99.77004,-4.43,-4.44,2.17,2.17,-6.68,-6.69,21.6,0.02
48,Entry long,2025-05-23 02:00,Long Entry,2674.8,0.0373,99.77004,-4.43,-4.44,2.17,2.17,-6.68,-6.69,21.6,0.02
49,Exit short,2025-05-24 18:00,Max Hold,2556.53,0.0397,99.845103,-1.75,-1.75,0,0.00,-2.41,-2.42,19.85,0.02
49,Entry short,2025-05-24 01:00,Short Entry,2514.99,0.0397,99.845103,-1.75,-1.75,0,0.00,-2.41,-2.42,19.85,0.02
50,Exit short,2025-05-25 12:00,Max Hold,2496.58,0.0392,99.890224,1.93,1.93,3.5,3.50,-0.33,-0.33,21.78,0.02
50,Entry short,2025-05-24 19:00,Short Entry,2548.22,0.0392,99.890224,1.93,1.93,3.5,3.50,-0.33,-0.33,21.78,0.02
51,Exit long,2025-05-28 07:00,Max Hold,2626.57,0.0376,99.821984,-1.16,-1.16,2.09,2.09,-1.47,-1.47,20.62,0.02
51,Entry long,2025-05-27 14:00,Long Entry,2654.84,0.0376,99.821984,-1.16,-1.16,2.09,2.09,-1.47,-1.47,20.62,0.02
52,Exit long,2025-05-29 20:00,Max Hold,2649.35,0.036,99.7272,-4.45,-4.46,0.06,0.06,-5.45,-5.46,16.17,0.02
52,Entry long,2025-05-29 03:00,Long Entry,2770.2,0.036,99.7272,-4.45,-4.46,0.06,0.06,-5.45,-5.46,16.17,0.02
53,Exit short,2025-05-31 10:00,Max Hold,2522.3,0.0393,99.794097,0.57,0.57,2.52,2.52,-2.02,-2.02,16.74,0.02
53,Entry short,2025-05-30 17:00,Short Entry,2539.29,0.0393,99.794097,0.57,0.57,2.52,2.52,-2.02,-2.02,16.74,0.02
54,Exit long,2025-06-03 19:00,Max Hold,2617.19,0.0378,99.978732,-1.15,-1.15,0.33,0.33,-2.2,-2.20,15.59,0.02
54,Entry long,2025-06-03 02:00,Long Entry,2644.94,0.0378,99.978732,-1.15,-1.15,0.33,0.33,-2.2,-2.20,15.59,0.02
55,Exit long,2025-06-04 19:00,Max Hold,2628.01,0.0382,99.750896,0.54,0.54,2.56,2.57,-0.74,-0.74,16.13,0.02
55,Entry long,2025-06-04 02:00,Long Entry,2611.28,0.0382,99.750896,0.54,0.54,2.56,2.57,-0.74,-0.74,16.13,0.02
56,Exit short,2025-06-06 14:00,Max Hold,2502.13,0.0417,99.977001,-4.46,-4.46,0.7,0.70,-5.11,-5.11,11.66,0.01
56,Entry short,2025-06-05 21:00,Short Entry,2397.53,0.0417,99.977001,-4.46,-4.46,0.7,0.70,-5.11,-5.11,11.66,0.01
57,Exit short,2025-06-07 13:00,Max Hold,2496.87,0.0402,99.818208,-0.66,-0.66,1.04,1.04,-0.99,-0.99,11.01,0.01
57,Entry short,2025-06-06 20:00,Short Entry,2483.04,0.0402,99.818208,-0.66,-0.66,1.04,1.04,-0.99,-0.99,11.01,0.01
58,Exit long,2025-06-10 15:00,Max Hold,2735.14,0.0378,99.889524,3.4,3.40,5.85,5.86,-0.12,-0.12,14.4,0.01
58,Entry long,2025-06-09 22:00,Long Entry,2642.58,0.0378,99.889524,3.4,3.40,5.85,5.86,-0.12,-0.12,14.4,0.01
59,Exit short,2025-06-13 14:00,Max Hold,2541.81,0.0379,99.975273,3.54,3.54,7.68,7.68,-0.84,-0.84,17.95,0.02
59,Entry short,2025-06-12 21:00,Short Entry,2637.87,0.0379,99.975273,3.54,3.54,7.68,7.68,-0.84,-0.84,17.95,0.02
60,Exit long,2025-06-17 02:00,Max Hold,2580,0.038,99.92252,-1.98,-1.98,1.87,1.87,-4.06,-4.06,15.96,0.02
60,Entry long,2025-06-16 09:00,Long Entry,2629.54,0.038,99.92252,-1.98,-1.98,1.87,1.87,-4.06,-4.06,15.96,0.02
61,Exit short,2025-06-19 04:00,Max Hold,2524.35,0.04,99.756,-1.32,-1.32,1.11,1.11,-2.15,-2.15,14.65,0.01
61,Entry short,2025-06-18 11:00,Short Entry,2493.9,0.04,99.756,-1.32,-1.32,1.11,1.11,-2.15,-2.15,14.65,0.01
62,Exit short,2025-06-22 15:00,Max Hold,2200.39,0.0438,99.87933,3.4,3.41,5.44,5.44,-1.59,-1.59,18.05,0.02
62,Entry short,2025-06-21 22:00,Short Entry,2280.35,0.0438,99.87933,3.4,3.41,5.44,5.44,-1.59,-1.59,18.05,0.02
63,Exit long,2025-06-24 17:00,Max Hold,2477.87,0.0414,99.79056,2.69,2.70,2.88,2.89,-1.52,-1.52,20.74,0.02
63,Entry long,2025-06-24 00:00,Long Entry,2410.4,0.0414,99.79056,2.69,2.70,2.88,2.89,-1.52,-1.52,20.74,0.02
64,Exit long,2025-07-03 15:00,Max Hold,2593.96,0.0385,99.93984,-0.17,-0.17,1.46,1.46,-1.61,-1.61,20.57,0.02
64,Entry long,2025-07-02 22:00,Long Entry,2595.84,0.0385,99.93984,-0.17,-0.17,1.46,1.46,-1.61,-1.61,20.57,0.02
65,Exit long,2025-07-04 21:00,Max Hold,2489.31,0.0388,99.974796,-3.49,-3.49,0.23,0.23,-4.07,-4.07,17.08,0.02
65,Entry long,2025-07-04 04:00,Long Entry,2576.67,0.0388,99.974796,-3.49,-3.49,0.23,0.23,-4.07,-4.07,17.08,0.02
66,Exit long,2025-07-10 11:00,Max Hold,2783.52,0.0375,99.772125,4.51,4.52,6.01,6.02,-0.07,-0.07,21.59,0.02
66,Entry long,2025-07-09 18:00,Long Entry,2660.59,0.0375,99.772125,4.51,4.52,6.01,6.02,-0.07,-0.07,21.59,0.02
67,Exit long,2025-07-15 06:00,Max Hold,2973.44,0.0327,99.753966,-2.62,-2.63,0.51,0.51,-3.96,-3.97,18.97,0.02
67,Entry long,2025-07-14 13:00,Long Entry,3050.58,0.0327,99.753966,-2.62,-2.63,0.51,0.51,-3.96,-3.97,18.97,0.02
68,Exit long,2025-07-17 00:00,Max Hold,3370.54,0.0316,99.982084,6.42,6.42,8.15,8.15,-0.71,-0.71,25.39,0.03
68,Entry long,2025-07-16 07:00,Long Entry,3163.99,0.0316,99.982084,6.42,6.42,8.15,8.15,-0.71,-0.71,25.39,0.03
69,Exit long,2025-07-19 21:00,Max Hold,3563.27,0.0278,99.850372,-0.89,-0.89,0.4,0.40,-1.89,-1.89,24.5,0.02
69,Entry long,2025-07-19 04:00,Long Entry,3591.74,0.0278,99.850372,-0.89,-0.89,0.4,0.40,-1.89,-1.89,24.5,0.02
70,Exit long,2025-07-21 02:00,Max Hold,3723.3,0.0269,99.803035,0.25,0.25,3.07,3.07,-0.86,-0.86,24.76,0.02
70,Entry long,2025-07-20 09:00,Long Entry,3710.15,0.0269,99.803035,0.25,0.25,3.07,3.07,-0.86,-0.86,24.76,0.02
71,Exit short,2025-07-23 02:00,Max Hold,3738.01,0.0274,99.993286,-2.53,-2.53,0.85,0.85,-3.18,-3.18,22.23,0.02
71,Entry short,2025-07-22 09:00,Short Entry,3649.39,0.0274,99.993286,-2.53,-2.53,0.85,0.85,-3.18,-3.18,22.23,0.02
72,Exit short,2025-07-24 00:00,Max Hold,3627.5,0.027,99.73017,1.69,1.69,4.46,4.47,-0.19,-0.19,23.92,0.02
72,Entry short,2025-07-23 07:00,Short Entry,3693.71,0.027,99.73017,1.69,1.69,4.46,4.47,-0.19,-0.19,23.92,0.02
73,Exit short,2025-07-25 00:00,Max Hold,3706.22,0.0282,99.921624,-4.7,-4.70,1.03,1.03,-6.52,-6.52,19.22,0.02
73,Entry short,2025-07-24 07:00,Short Entry,3543.32,0.0282,99.921624,-4.7,-4.70,1.03,1.03,-6.52,-6.52,19.22,0.02
74,Exit long,2025-07-26 03:00,Max Hold,3741.28,0.0268,99.854924,0.31,0.31,1.05,1.05,-3.42,-3.43,19.53,0.02
74,Entry long,2025-07-25 10:00,Long Entry,3725.93,0.0268,99.854924,0.31,0.31,1.05,1.05,-3.42,-3.43,19.53,0.02
75,Exit long,2025-07-27 13:00,Max Hold,3825.08,0.0266,99.731912,1.91,1.92,2.36,2.37,-0.61,-0.61,21.45,0.02
75,Entry long,2025-07-26 20:00,Long Entry,3749.32,0.0266,99.731912,1.91,1.92,2.36,2.37,-0.61,-0.61,21.45,0.02
76,Exit long,2025-07-28 11:00,Max Hold,3887.05,0.026,99.77318,1.19,1.19,2.64,2.64,-0.65,-0.65,22.63,0.02
76,Entry long,2025-07-27 18:00,Long Entry,3837.43,0.026,99.77318,1.19,1.19,2.64,2.64,-0.65,-0.65,22.63,0.02
77,Exit short,2025-07-30 15:00,Max Hold,3817.75,0.0264,99.776424,-1.11,-1.11,0.94,0.94,-1.45,-1.46,21.52,0.02
77,Entry short,2025-07-29 22:00,Short Entry,3779.41,0.0264,99.776424,-1.11,-1.11,0.94,0.94,-1.45,-1.46,21.52,0.02
78,Exit short,2025-08-02 00:00,Max Hold,3486.41,0.0273,99.94257,4.67,4.67,6.28,6.29,-0.43,-0.43,26.19,0.03
78,Entry short,2025-08-01 07:00,Short Entry,3660.9,0.0273,99.94257,4.67,4.67,6.28,6.29,-0.43,-0.43,26.19,0.03
79,Exit long,2025-08-05 04:00,Max Hold,3650.4,0.0281,99.850821,2.62,2.63,5.05,5.06,-0.19,-0.19,28.81,0.03
79,Entry long,2025-08-04 11:00,Long Entry,3553.41,0.0281,99.850821,2.62,2.63,5.05,5.06,-0.19,-0.19,28.81,0.03
80,Exit long,2025-08-08 01:00,Max Hold,3898.38,0.027,99.927,5.23,5.23,6.29,6.29,-0.05,-0.05,34.04,0.03
80,Entry long,2025-08-07 08:00,Long Entry,3701,0.027,99.927,5.23,5.23,6.29,6.29,-0.05,-0.05,34.04,0.03
81,Exit long,2025-08-11 06:00,Max Hold,4304.33,0.0238,99.939294,2.4,2.40,3.53,3.53,-0.98,-0.98,36.44,0.04
81,Entry long,2025-08-10 13:00,Long Entry,4199.13,0.0238,99.939294,2.4,2.40,3.53,3.53,-0.98,-0.98,36.44,0.04
82,Exit long,2025-08-13 06:00,Max Hold,4630.73,0.0227,99.991684,5.02,5.02,6.24,6.24,-1.29,-1.28,41.47,0.04
82,Entry long,2025-08-12 13:00,Long Entry,4404.92,0.0227,99.991684,5.02,5.02,6.24,6.24,-1.29,-1.28,41.47,0.04
83,Exit short,2025-08-15 14:00,Max Hold,4538.71,0.022,99.70466,-0.25,-0.25,1.73,1.74,-3.09,-3.10,41.22,0.04
83,Entry short,2025-08-14 21:00,Short Entry,4532.03,0.022,99.70466,-0.25,-0.25,1.73,1.74,-3.09,-3.10,41.22,0.04
84,Exit short,2025-08-16 23:00,Max Hold,4424.76,0.0226,99.884768,-0.21,-0.21,1.07,1.07,-1.01,-1.01,41,0.04
84,Entry short,2025-08-16 06:00,Short Entry,4419.68,0.0226,99.884768,-0.21,-0.21,1.07,1.07,-1.01,-1.01,41,0.04
85,Exit long,2025-08-18 04:00,Max Hold,4318.43,0.0218,99.544686,-5.5,-5.52,0,0.00,-6.36,-6.38,35.5,0.04
85,Entry long,2025-08-17 11:00,Long Entry,4566.27,0.0218,99.544686,-5.5,-5.52,0,0.00,-6.36,-6.38,35.5,0.04
86,Exit short,2025-08-19 00:00,Max Hold,4311.72,0.0235,99.91166,-1.51,-1.51,0.6,0.60,-3.21,-3.22,33.99,0.03
86,Entry short,2025-08-18 07:00,Short Entry,4251.56,0.0235,99.91166,-1.51,-1.51,0.6,0.60,-3.21,-3.22,33.99,0.03
87,Exit short,2025-08-20 17:00,Max Hold,4299.76,0.0245,99.811285,-5.64,-5.64,0.29,0.29,-6.25,-6.26,28.35,0.03
87,Entry short,2025-08-20 00:00,Short Entry,4073.93,0.0245,99.811285,-5.64,-5.64,0.29,0.29,-6.25,-6.26,28.35,0.03
88,Exit long,2025-08-22 02:00,Max Hold,4255.57,0.0233,99.819064,-0.76,-0.76,0.96,0.96,-1.96,-1.96,27.59,0.03
88,Entry long,2025-08-21 09:00,Long Entry,4284.08,0.0233,99.819064,-0.76,-0.76,0.96,0.96,-1.96,-1.96,27.59,0.03
89,Exit long,2025-08-22 23:00,Max Hold,4809.87,0.0233,99.935098,12.03,12.03,13.92,13.92,-1.99,-1.99,39.62,0.04
89,Entry long,2025-08-22 06:00,Long Entry,4289.06,0.0233,99.935098,12.03,12.03,13.92,13.92,-1.99,-1.99,39.62,0.04
90,Exit long,2025-08-25 08:00,SL,4589.6,0.0202,99.64357,-7.03,-7.05,0.43,0.43,-7.16,-7.18,32.59,0.03
90,Entry long,2025-08-24 19:00,Long Entry,4932.85,0.0202,99.64357,-7.03,-7.05,0.43,0.43,-7.16,-7.18,32.59,0.03
91,Exit short,2025-08-26 04:00,Max Hold,4400.52,0.022,99.93984,3.03,3.03,5.07,5.07,-3.14,-3.14,35.62,0.04
91,Entry short,2025-08-25 11:00,Short Entry,4542.72,0.022,99.93984,3.03,3.03,5.07,5.07,-3.14,-3.14,35.62,0.04
92,Exit long,2025-08-28 05:00,Max Hold,4568.89,0.0217,99.958229,-0.91,-0.91,1.17,1.17,-3.12,-3.12,34.71,0.03
92,Entry long,2025-08-27 12:00,Long Entry,4606.37,0.0217,99.958229,-0.91,-0.91,1.17,1.17,-3.12,-3.12,34.71,0.03
93,Exit short,2025-08-29 13:00,Max Hold,4405.29,0.0225,99.81405,0.6,0.60,2.65,2.65,-1.82,-1.82,35.3,0.04
93,Entry short,2025-08-28 20:00,Short Entry,4436.18,0.0225,99.81405,0.6,0.60,2.65,2.65,-1.82,-1.82,35.3,0.04
94,Exit short,2025-08-31 01:00,Flip,4465.39,0.0229,99.87835,-2.48,-2.48,0.63,0.63,-2.51,-2.51,32.82,0.03
94,Entry short,2025-08-30 15:00,Short Entry,4361.5,0.0229,99.87835,-2.48,-2.48,0.63,0.63,-2.51,-2.51,32.82,0.03
95,Exit long,2025-08-31 08:00,Max Hold,4448.77,0.0223,99.578197,-0.47,-0.47,0.5,0.50,-0.81,-0.82,32.35,0.03
95,Entry long,2025-08-31 01:00,Flip to Long,4465.39,0.0223,99.578197,-0.47,-0.47,0.5,0.50,-0.81,-0.82,32.35,0.03
96,Exit long,2025-09-01 11:00,Max Hold,4406.4,0.0223,99.789155,-1.63,-1.63,0.29,0.29,-2.69,-2.69,30.73,0.03
96,Entry long,2025-08-31 18:00,Long Entry,4474.85,0.0223,99.789155,-1.63,-1.63,0.29,0.29,-2.69,-2.69,30.73,0.03
97,Exit short,2025-09-02 14:00,Max Hold,4376.46,0.0233,99.8638,-2.21,-2.21,1.83,1.83,-3.05,-3.05,28.52,0.03
97,Entry short,2025-09-01 21:00,Short Entry,4286,0.0233,99.8638,-2.21,-2.21,1.83,1.83,-3.05,-3.05,28.52,0.03
98,Exit short,2025-09-03 14:00,Flip,4417.44,0.0232,99.946064,-2.64,-2.64,0.58,0.58,-3.09,-3.09,25.88,0.03
98,Entry short,2025-09-03 01:00,Short Entry,4308.02,0.0232,99.946064,-2.64,-2.64,0.58,0.58,-3.09,-3.09,25.88,0.03
99,Exit long,2025-09-03 18:00,Max Hold,4469.85,0.0226,99.834144,1.08,1.09,1.55,1.55,-0.15,-0.15,26.96,0.03
99,Entry long,2025-09-03 14:00,Flip to Long,4417.44,0.0226,99.834144,1.08,1.09,1.55,1.55,-0.15,-0.15,26.96,0.03
100,Exit long,2025-09-05 05:00,Max Hold,4328.01,0.0227,99.97988,-1.83,-1.83,0.46,0.46,-3.26,-3.26,25.13,0.03
100,Entry long,2025-09-04 12:00,Long Entry,4404.4,0.0227,99.97988,-1.83,-1.83,0.46,0.46,-3.26,-3.26,25.13,0.03
101,Exit short,2025-09-06 08:00,Max Hold,4310.35,0.0234,99.941166,-1.02,-1.02,0.38,0.38,-1.69,-1.69,24.11,0.02
101,Entry short,2025-09-05 15:00,Short Entry,4270.99,0.0234,99.941166,-1.02,-1.02,0.38,0.38,-1.69,-1.69,24.11,0.02
102,Exit short,2025-09-07 17:00,Max Hold,4281.93,0.0234,99.957312,-0.34,-0.34,0.01,0.01,-1.04,-1.04,23.77,0.02
102,Entry short,2025-09-07 00:00,Short Entry,4271.68,0.0234,99.957312,-0.34,-0.34,0.01,0.01,-1.04,-1.04,23.77,0.02
103,Exit long,2025-09-12 00:00,Max Hold,4456.87,0.0225,99.865575,0.31,0.31,0.96,0.96,-2.52,-2.52,24.08,0.02
103,Entry long,2025-09-11 07:00,Long Entry,4438.47,0.0225,99.865575,0.31,0.31,0.96,0.96,-2.52,-2.52,24.08,0.02
104,Exit long,2025-09-12 18:00,Max Hold,4611.34,0.0221,99.689122,2.12,2.13,2.52,2.52,-0.6,-0.60,26.2,0.03
104,Entry long,2025-09-12 01:00,Long Entry,4510.82,0.0221,99.689122,2.12,2.13,2.52,2.52,-0.6,-0.60,26.2,0.03
105,Exit long,2025-09-14 11:00,Max Hold,4657.88,0.0215,99.57682,0.47,0.47,1.24,1.24,-0.25,-0.25,26.67,0.03
105,Entry long,2025-09-13 18:00,Long Entry,4631.48,0.0215,99.57682,0.47,0.47,1.24,1.24,-0.25,-0.25,26.67,0.03
106,Exit short,2025-09-15 13:00,Max Hold,4513.33,0.0216,99.66132,2.07,2.08,2.5,2.51,-1.22,-1.22,28.74,0.03
106,Entry short,2025-09-14 20:00,Short Entry,4613.95,0.0216,99.66132,2.07,2.08,2.5,2.51,-1.22,-1.22,28.74,0.03
107,Exit short,2025-09-16 18:00,Max Hold,4484.27,0.0221,99.71299,0.51,0.51,1.96,1.96,-0.59,-0.59,29.26,0.03
107,Entry short,2025-09-16 01:00,Short Entry,4511.9,0.0221,99.71299,0.51,0.51,1.96,1.96,-0.59,-0.59,29.26,0.03
108,Exit short,2025-09-17 12:00,Max Hold,4489.23,0.0223,99.732959,-0.48,-0.48,0.19,0.19,-1.87,-1.88,28.78,0.03
108,Entry short,2025-09-16 19:00,Short Entry,4472.33,0.0223,99.732959,-0.48,-0.48,0.19,0.19,-1.87,-1.88,28.78,0.03
109,Exit long,2025-09-19 02:00,Max Hold,4604.91,0.0217,99.812405,0.01,0.01,0.71,0.71,-1.02,-1.02,28.79,0.03
109,Entry long,2025-09-18 09:00,Long Entry,4599.65,0.0217,99.812405,0.01,0.01,0.71,0.71,-1.02,-1.02,28.79,0.03
110,Exit short,2025-09-20 11:00,Max Hold,4461.73,0.0224,99.851808,-0.19,-0.19,0.5,0.50,-0.65,-0.65,28.6,0.03
110,Entry short,2025-09-19 18:00,Short Entry,4457.67,0.0224,99.851808,-0.19,-0.19,0.5,0.50,-0.65,-0.65,28.6,0.03
111,Exit short,2025-09-21 06:00,Max Hold,4475.7,0.0224,99.992256,-0.36,-0.36,0.17,0.17,-1.01,-1.01,28.24,0.03
111,Entry short,2025-09-20 13:00,Short Entry,4463.94,0.0224,99.992256,-0.36,-0.36,0.17,0.17,-1.01,-1.01,28.24,0.03
112,Exit short,2025-09-22 20:00,Max Hold,4133.39,0.0233,99.864266,3.46,3.46,6.59,6.60,-0.58,-0.58,31.7,0.03
112,Entry short,2025-09-22 03:00,Short Entry,4286.02,0.0233,99.864266,3.46,3.46,6.59,6.60,-0.58,-0.58,31.7,0.03
113,Exit short,2025-09-24 13:00,Max Hold,4178.35,0.024,99.63264,-0.75,-0.75,1.9,1.91,-1.15,-1.15,30.95,0.03
113,Entry short,2025-09-23 20:00,Short Entry,4151.36,0.024,99.63264,-0.75,-0.75,1.9,1.91,-1.15,-1.15,30.95,0.03
114,Exit short,2025-09-25 22:00,Max Hold,3903.6,0.0249,99.604482,2.31,2.31,4.39,4.40,-1.34,-1.35,33.26,0.03
114,Entry short,2025-09-25 05:00,Short Entry,4000.18,0.0249,99.604482,2.31,2.31,4.39,4.40,-1.34,-1.35,33.26,0.03
115,Exit long,2025-09-28 03:00,Max Hold,3999.45,0.025,99.8395,0.05,0.05,1.08,1.08,-0.4,-0.40,33.3,0.03
115,Entry long,2025-09-27 10:00,Long Entry,3993.58,0.025,99.8395,0.05,0.05,1.08,1.08,-0.4,-0.40,33.3,0.03
116,Exit long,2025-09-29 17:00,Max Hold,4140,0.0241,99.762914,-0.09,-0.09,1.47,1.47,-1.48,-1.49,33.21,0.03
116,Entry long,2025-09-29 00:00,Long Entry,4139.54,0.0241,99.762914,-0.09,-0.09,1.47,1.47,-1.48,-1.49,33.21,0.03
117,Exit long,2025-09-30 11:00,Max Hold,4156.17,0.024,99.67536,-0.03,-0.03,2.2,2.21,-0.57,-0.57,33.19,0.03
117,Entry long,2025-09-29 18:00,Long Entry,4153.14,0.024,99.67536,-0.03,-0.03,2.2,2.21,-0.57,-0.57,33.19,0.03
118,Exit long,2025-10-02 02:00,Max Hold,4390.86,0.0233,99.956767,2.25,2.25,2.45,2.45,-0.37,-0.37,35.44,0.04
118,Entry long,2025-10-01 09:00,Long Entry,4289.99,0.0233,99.956767,2.25,2.25,2.45,2.45,-0.37,-0.37,35.44,0.04
119,Exit long,2025-10-04 13:00,Max Hold,4478.05,0.0221,99.840286,-0.97,-0.98,0.47,0.47,-1.32,-1.33,34.46,0.03
119,Entry long,2025-10-03 20:00,Long Entry,4517.66,0.0221,99.840286,-0.97,-0.98,0.47,0.47,-1.32,-1.33,34.46,0.03
120,Exit long,2025-10-07 07:00,Max Hold,4667.49,0.0215,99.691415,0.56,0.56,2.06,2.07,-0.22,-0.22,35.02,0.04
120,Entry long,2025-10-06 14:00,Long Entry,4636.81,0.0215,99.691415,0.56,0.56,2.06,2.07,-0.22,-0.22,35.02,0.04
121,Exit short,2025-10-08 23:00,Max Hold,4519.4,0.0225,99.813825,-1.97,-1.98,0.27,0.27,-2.76,-2.77,33.05,0.03
121,Entry short,2025-10-08 06:00,Short Entry,4436.17,0.0225,99.813825,-1.97,-1.98,0.27,0.27,-2.76,-2.77,33.05,0.03
122,Exit short,2025-10-10 02:00,Max Hold,4371.61,0.0231,99.936606,-1.15,-1.15,1.42,1.42,-2.02,-2.02,31.9,0.03
122,Entry short,2025-10-09 09:00,Short Entry,4326.26,0.0231,99.936606,-1.15,-1.15,1.42,1.42,-2.02,-2.02,31.9,0.03
123,Exit short,2025-10-10 20:00,Max Hold,3994.99,0.0229,99.792246,8.21,8.22,9.34,9.35,-0.83,-0.83,40.11,0.04
123,Entry short,2025-10-10 03:00,Short Entry,4357.74,0.0229,99.792246,8.21,8.22,9.34,9.35,-0.83,-0.83,40.11,0.04
124,Exit long,2025-10-13 09:00,Max Hold,4173.52,0.0247,99.599539,3.39,3.40,4.57,4.59,-0.05,-0.05,43.5,0.04
124,Entry long,2025-10-12 16:00,Long Entry,4032.37,0.0247,99.599539,3.39,3.40,4.57,4.59,-0.05,-0.05,43.5,0.04
125,Exit short,2025-10-15 03:00,Max Hold,4116.54,0.0251,99.993631,-3.43,-3.43,2.43,2.43,-4.55,-4.55,40.06,0.04
125,Entry short,2025-10-14 10:00,Short Entry,3983.81,0.0251,99.993631,-3.43,-3.43,2.43,2.43,-4.55,-4.55,40.06,0.04
126,Exit short,2025-10-16 05:00,Max Hold,3997.15,0.0243,99.594765,2.37,2.37,4.17,4.18,-0.23,-0.23,42.43,0.04
126,Entry short,2025-10-15 12:00,Short Entry,4098.55,0.0243,99.594765,2.37,2.37,4.17,4.18,-0.23,-0.23,42.43,0.04
127,Exit short,2025-10-17 09:00,Max Hold,3707.37,0.0256,99.968768,4.96,4.96,5.13,5.13,-1.62,-1.62,47.39,0.05
127,Entry short,2025-10-16 16:00,Short Entry,3905.03,0.0256,99.968768,4.96,4.96,5.13,5.13,-1.62,-1.62,47.39,0.05
128,Exit short,2025-10-18 16:00,Max Hold,3876,0.0259,99.776383,-0.71,-0.71,0.86,0.86,-1.96,-1.96,46.68,0.05
128,Entry short,2025-10-17 23:00,Short Entry,3852.37,0.0259,99.776383,-0.71,-0.71,0.86,0.86,-1.96,-1.96,46.68,0.05
129,Exit long,2025-10-19 17:00,Max Hold,3979.2,0.0257,99.896157,2.27,2.27,2.88,2.88,-2.03,-2.03,48.95,0.05
129,Entry long,2025-10-19 00:00,Long Entry,3887.01,0.0257,99.896157,2.27,2.27,2.88,2.88,-2.03,-2.03,48.95,0.05
130,Exit long,2025-10-20 12:00,Max Hold,4032.83,0.025,99.99,0.73,0.73,2.09,2.08,-2.37,-2.37,49.68,0.05
130,Entry long,2025-10-19 19:00,Long Entry,3999.6,0.025,99.99,0.73,0.73,2.09,2.08,-2.37,-2.37,49.68,0.05
131,Exit short,2025-10-22 16:00,Max Hold,3839.72,0.0256,99.82464,1.43,1.43,3.39,3.39,-0.3,-0.30,51.11,0.05
131,Entry short,2025-10-21 23:00,Short Entry,3899.4,0.0256,99.82464,1.43,1.43,3.39,3.39,-0.3,-0.30,51.11,0.05
132,Exit short,2025-10-23 11:00,Max Hold,3875.66,0.0262,99.714056,-1.93,-1.93,2.56,2.56,-2.66,-2.67,49.18,0.05
132,Entry short,2025-10-22 18:00,Short Entry,3805.88,0.0262,99.714056,-1.93,-1.93,2.56,2.56,-2.66,-2.67,49.18,0.05
133,Exit long,2025-10-25 03:00,Max Hold,3932.44,0.0252,99.713124,-0.72,-0.72,1.7,1.71,-2.38,-2.39,48.46,0.05
133,Entry long,2025-10-24 10:00,Long Entry,3956.87,0.0252,99.713124,-0.72,-0.72,1.7,1.71,-2.38,-2.39,48.46,0.05
134,Exit long,2025-10-27 06:00,Max Hold,4231.4,0.0245,99.7395,3.83,3.84,4.41,4.42,-0.73,-0.73,52.29,0.05
134,Entry long,2025-10-26 13:00,Long Entry,4071,0.0245,99.7395,3.83,3.84,4.41,4.42,-0.73,-0.73,52.29,0.05
135,Exit short,2025-10-29 13:00,Max Hold,4014,0.0247,99.719334,0.47,0.48,2.72,2.73,-0.12,-0.12,52.76,0.05
135,Entry short,2025-10-28 20:00,Short Entry,4037.22,0.0247,99.719334,0.47,0.48,2.72,2.73,-0.12,-0.12,52.76,0.05
136,Exit short,2025-10-30 09:00,Max Hold,3919.65,0.0253,99.940819,0.67,0.67,2.84,2.84,-1.74,-1.74,53.44,0.05
136,Entry short,2025-10-29 16:00,Short Entry,3950.23,0.0253,99.940819,0.67,0.67,2.84,2.84,-1.74,-1.74,53.44,0.05
137,Exit short,2025-11-01 03:00,Max Hold,3850.58,0.026,99.93802,-0.28,-0.28,1.02,1.02,-1.64,-1.64,53.16,0.05
137,Entry short,2025-10-31 10:00,Short Entry,3843.77,0.026,99.93802,-0.28,-0.28,1.02,1.02,-1.64,-1.64,53.16,0.05
138,Exit long,2025-11-02 04:00,Max Hold,3879.25,0.0258,99.974742,0.01,0.01,0.79,0.79,-0.55,-0.55,53.17,0.05
138,Entry long,2025-11-01 11:00,Long Entry,3874.99,0.0258,99.974742,0.01,0.01,0.79,0.79,-0.55,-0.55,53.17,0.05
139,Exit short,2025-11-03 21:00,Max Hold,3586.83,0.0267,99.717558,3.85,3.86,4.6,4.61,-0.83,-0.83,57.02,0.06
139,Entry short,2025-11-03 04:00,Short Entry,3734.74,0.0267,99.717558,3.85,3.86,4.6,4.61,-0.83,-0.83,57.02,0.06
140,Exit short,2025-11-06 12:00,Flip,3397.84,0.0295,99.814135,-0.52,-0.52,0.7,0.71,-0.96,-0.96,56.5,0.06
140,Entry short,2025-11-06 07:00,Short Entry,3383.53,0.0295,99.814135,-0.52,-0.52,0.7,0.71,-0.96,-0.96,56.5,0.06
141,Exit long,2025-11-07 00:00,Max Hold,3313.7,0.0294,99.896496,-2.57,-2.57,0.13,0.13,-4.54,-4.55,53.93,0.05
141,Entry long,2025-11-06 12:00,Flip to Long,3397.84,0.0294,99.896496,-2.57,-2.57,0.13,0.13,-4.54,-4.55,53.93,0.05
142,Exit short,2025-11-08 04:00,Max Hold,3452.51,0.0304,99.6816,-5.38,-5.39,2.57,2.57,-5.92,-5.94,48.55,0.05
142,Entry short,2025-11-07 11:00,Short Entry,3279,0.0304,99.6816,-5.38,-5.39,2.57,2.57,-5.92,-5.94,48.55,0.05
143,Exit long,2025-11-09 01:00,Max Hold,3383.34,0.029,99.94589,-1.93,-1.93,0.59,0.59,-2.75,-2.75,46.62,0.05
143,Entry long,2025-11-08 08:00,Long Entry,3446.41,0.029,99.94589,-1.93,-1.93,0.59,0.59,-2.75,-2.75,46.62,0.05
144,Exit long,2025-11-09 22:00,Max Hold,3579.47,0.0296,99.843168,6.01,6.01,6.59,6.60,-0.11,-0.11,52.63,0.05
144,Entry long,2025-11-09 05:00,Long Entry,3373.08,0.0296,99.843168,6.01,6.01,6.59,6.60,-0.11,-0.11,52.63,0.05
145,Exit long,2025-11-11 10:00,Max Hold,3553.96,0.0283,99.843532,0.63,0.63,3.33,3.34,-0.26,-0.26,53.26,0.05
145,Entry long,2025-11-10 17:00,Long Entry,3528.04,0.0283,99.843532,0.63,0.63,3.33,3.34,-0.26,-0.26,53.26,0.05
146,Exit short,2025-11-12 10:00,Max Hold,3482.07,0.0287,99.975015,-0.06,-0.06,2.26,2.26,-0.44,-0.44,53.2,0.05
146,Entry short,2025-11-11 17:00,Short Entry,3483.45,0.0287,99.975015,-0.06,-0.06,2.26,2.26,-0.44,-0.44,53.2,0.05
147,Exit short,2025-11-13 09:00,Max Hold,3522.85,0.0291,99.706203,-2.91,-2.92,1.59,1.59,-4.09,-4.10,50.29,0.05
147,Entry short,2025-11-12 16:00,Short Entry,3426.33,0.0291,99.706203,-2.91,-2.92,1.59,1.59,-4.09,-4.10,50.29,0.05
148,Exit short,2025-11-14 11:00,Max Hold,3174.71,0.0307,99.91008,2.35,2.35,4.57,4.57,-0.55,-0.55,52.64,0.05
148,Entry short,2025-11-13 18:00,Short Entry,3254.4,0.0307,99.91008,2.35,2.35,4.57,4.57,-0.55,-0.55,52.64,0.05
149,Exit short,2025-11-18 12:00,Max Hold,3056.45,0.033,99.77583,-1.19,-1.19,2.6,2.60,-1.71,-1.71,51.45,0.05
149,Entry short,2025-11-17 19:00,Short Entry,3023.51,0.033,99.77583,-1.19,-1.19,2.6,2.60,-1.71,-1.71,51.45,0.05
150,Exit short,2025-11-20 13:00,Max Hold,3027.41,0.0347,99.963413,-5.19,-5.19,0.2,0.20,-6.37,-6.37,46.26,0.05
150,Entry short,2025-11-19 20:00,Short Entry,2880.79,0.0347,99.963413,-5.19,-5.19,0.2,0.20,-6.37,-6.37,46.26,0.05
151,Exit short,2025-11-21 09:00,Max Hold,2736.71,0.0338,99.862776,7.27,7.27,10.49,10.50,-0.24,-0.24,53.53,0.05
151,Entry short,2025-11-20 16:00,Short Entry,2954.52,0.0338,99.862776,7.27,7.27,10.49,10.50,-0.24,-0.24,53.53,0.05
152,Exit short,2025-11-23 04:00,Flip,2823.01,0.0367,99.753536,-3.95,-3.96,0,0.00,-4.27,-4.28,49.58,0.05
152,Entry short,2025-11-22 14:00,Short Entry,2718.08,0.0367,99.753536,-3.95,-3.96,0,0.00,-4.27,-4.28,49.58,0.05
153,Exit long,2025-11-23 07:00,Max Hold,2808.42,0.0354,99.934554,-0.62,-0.62,0.94,0.94,-0.76,-0.76,48.96,0.05
153,Entry long,2025-11-23 04:00,Flip to Long,2823.01,0.0354,99.934554,-0.62,-0.62,0.94,0.94,-0.76,-0.76,48.96,0.05
154,Exit long,2025-11-24 23:00,Max Hold,2959.22,0.0348,99.741324,3.14,3.14,4.16,4.16,-2.97,-2.98,52.1,0.05
154,Entry long,2025-11-24 06:00,Long Entry,2866.13,0.0348,99.741324,3.14,3.14,4.16,4.16,-2.97,-2.98,52.1,0.05
155,Exit long,2025-11-26 10:00,Max Hold,2905.84,0.0341,99.832865,-0.84,-0.84,1.86,1.87,-2.01,-2.02,51.26,0.05
155,Entry long,2025-11-25 17:00,Long Entry,2927.65,0.0341,99.832865,-0.84,-0.84,1.86,1.87,-2.01,-2.02,51.26,0.05
156,Exit long,2025-11-27 18:00,Max Hold,3018.54,0.0329,99.810375,-0.6,-0.60,1.14,1.14,-1.69,-1.70,50.66,0.05
156,Entry long,2025-11-27 01:00,Long Entry,3033.75,0.0329,99.810375,-0.6,-0.60,1.14,1.14,-1.69,-1.70,50.66,0.05
157,Exit short,2025-12-01 18:00,Max Hold,2738.12,0.0352,99.785664,3.31,3.31,4.06,4.07,-1.39,-1.40,53.96,0.05
157,Entry short,2025-12-01 01:00,Short Entry,2834.82,0.0352,99.785664,3.31,3.31,4.06,4.07,-1.39,-1.40,53.96,0.05
158,Exit long,2025-12-03 10:00,Max Hold,3059.04,0.0333,99.703197,2.06,2.07,2.96,2.96,-0.85,-0.85,56.02,0.06
158,Entry long,2025-12-02 17:00,Long Entry,2994.09,0.0333,99.703197,2.06,2.07,2.96,2.96,-0.85,-0.85,56.02,0.06
159,Exit long,2025-12-05 09:00,Max Hold,3153.88,0.0311,99.724016,-1.74,-1.74,0.52,0.52,-4.46,-4.47,54.29,0.05
159,Entry long,2025-12-04 16:00,Long Entry,3206.56,0.0311,99.724016,-1.74,-1.74,0.52,0.52,-4.46,-4.47,54.29,0.05
160,Exit short,2025-12-06 10:00,Max Hold,3028.65,0.0329,99.742601,0.0003,0.00,1.72,1.72,-1.06,-1.07,54.29,0.05
160,Entry short,2025-12-05 17:00,Short Entry,3031.69,0.0329,99.742601,0.0003,0.00,1.72,1.72,-1.06,-1.07,54.29,0.05
161,Exit short,2025-12-07 12:00,Max Hold,3034.52,0.0328,99.73332,0.1,0.10,0.53,0.53,-0.58,-0.58,54.39,0.05
161,Entry short,2025-12-06 19:00,Short Entry,3040.65,0.0328,99.73332,0.1,0.10,0.53,0.53,-0.58,-0.58,54.39,0.05
162,Exit long,2025-12-10 00:00,Max Hold,3316.5,0.0321,99.886212,6.47,6.47,9.12,9.13,-0.75,-0.75,60.86,0.06
162,Entry long,2025-12-09 07:00,Long Entry,3111.72,0.0321,99.886212,6.47,6.47,9.12,9.13,-0.75,-0.75,60.86,0.06
163,Exit short,2025-12-12 02:00,Max Hold,3232.96,0.0312,99.701784,-1.27,-1.27,1.59,1.60,-2.45,-2.45,59.59,0.06
163,Entry short,2025-12-11 09:00,Short Entry,3195.57,0.0312,99.701784,-1.27,-1.27,1.59,1.60,-2.45,-2.45,59.59,0.06
164,Exit short,2025-12-13 05:00,Max Hold,3088.36,0.0308,99.828036,4.61,4.61,6.11,6.12,-0.34,-0.34,64.2,0.06
164,Entry short,2025-12-12 12:00,Short Entry,3241.17,0.0308,99.828036,4.61,4.61,6.11,6.12,-0.34,-0.34,64.2,0.06
165,Exit short,2025-12-14 07:00,Max Hold,3109.44,0.0321,99.767121,-0.15,-0.15,1.01,1.01,-0.71,-0.71,64.05,0.06
165,Entry short,2025-12-13 14:00,Short Entry,3108.01,0.0321,99.767121,-0.15,-0.15,1.01,1.01,-0.71,-0.71,64.05,0.06
166,Exit short,2025-12-16 11:00,Max Hold,2946.41,0.034,99.80394,-0.47,-0.47,2.17,2.18,-1.46,-1.46,63.58,0.06
166,Entry short,2025-12-15 18:00,Short Entry,2935.41,0.034,99.80394,-0.47,-0.47,2.17,2.18,-1.46,-1.46,63.58,0.06
167,Exit short,2025-12-17 07:00,Max Hold,2935.07,0.0343,99.781787,-0.99,-0.99,0.76,0.76,-2.3,-2.30,62.59,0.06
167,Entry short,2025-12-16 14:00,Short Entry,2909.09,0.0343,99.781787,-0.99,-0.99,0.76,0.76,-2.3,-2.30,62.59,0.06
168,Exit short,2025-12-19 08:00,SL,2950.39,0.0359,99.81636,-6.21,-6.21,0.03,0.03,-7.36,-7.37,56.38,0.06
168,Entry short,2025-12-18 20:00,Short Entry,2780.4,0.0359,99.81636,-6.21,-6.21,0.03,0.03,-7.36,-7.37,56.38,0.06
169,Exit long,2025-12-20 04:00,Max Hold,2987.98,0.0338,99.8283,1.07,1.07,2.13,2.13,-0.74,-0.74,57.45,0.06
169,Entry long,2025-12-19 11:00,Long Entry,2953.5,0.0338,99.8283,1.07,1.07,2.13,2.13,-0.74,-0.74,57.45,0.06
170,Exit long,2025-12-21 03:00,Max Hold,2964.83,0.0335,99.89566,-0.67,-0.67,0.32,0.32,-0.78,-0.78,56.78,0.06
170,Entry long,2025-12-20 10:00,Long Entry,2981.96,0.0335,99.89566,-0.67,-0.67,0.32,0.32,-0.78,-0.78,56.78,0.06
171,Exit long,2026-01-03 10:00,Max Hold,3099.52,0.0319,99.868692,-1.09,-1.09,0.53,0.53,-1.84,-1.84,55.68,0.06
171,Entry long,2026-01-02 17:00,Long Entry,3130.68,0.0319,99.868692,-1.09,-1.09,0.53,0.53,-1.84,-1.84,55.68,0.06
172,Exit long,2026-01-07 08:00,Max Hold,3253.99,0.0305,99.938435,-0.79,-0.79,0.71,0.71,-2.98,-2.98,54.89,0.05
172,Entry long,2026-01-06 15:00,Long Entry,3276.67,0.0305,99.938435,-0.79,-0.79,0.71,0.71,-2.98,-2.98,54.89,0.05
173,Exit short,2026-01-09 00:00,Max Hold,3105.44,0.0322,99.948156,-0.15,-0.15,1.61,1.61,-1.16,-1.16,54.74,0.05
173,Entry short,2026-01-08 07:00,Short Entry,3103.98,0.0322,99.948156,-0.15,-0.15,1.61,1.61,-1.16,-1.16,54.74,0.05
174,Exit long,2026-01-14 16:00,Max Hold,3344.19,0.03,99.9063,0.32,0.32,1.01,1.01,-1.56,-1.56,55.06,0.06
174,Entry long,2026-01-13 23:00,Long Entry,3330.21,0.03,99.9063,0.32,0.32,1.01,1.01,-1.56,-1.56,55.06,0.06
175,Exit short,2026-01-20 22:00,Max Hold,2992.01,0.0315,99.91107,5.57,5.57,6.06,6.06,-0.12,-0.12,60.63,0.06
175,Entry short,2026-01-20 05:00,Short Entry,3171.78,0.0315,99.91107,5.57,5.57,6.06,6.06,-0.12,-0.12,60.63,0.06
176,Exit short,2026-01-22 14:00,Max Hold,2971.33,0.0329,99.698844,1.84,1.85,2.25,2.25,-0.5,-0.50,62.47,0.06
176,Entry short,2026-01-21 21:00,Short Entry,3030.36,0.0329,99.698844,1.84,1.85,2.25,2.25,-0.5,-0.50,62.47,0.06
177,Exit short,2026-01-26 13:00,Max Hold,2901.29,0.0355,99.787305,-3.31,-3.32,0.9,0.90,-4.46,-4.46,59.16,0.06
177,Entry short,2026-01-25 20:00,Short Entry,2810.91,0.0355,99.787305,-3.31,-3.32,0.9,0.90,-4.46,-4.46,59.16,0.06
178,Exit long,2026-01-28 10:00,Max Hold,3016.24,0.0334,99.852306,0.79,0.79,1.47,1.47,-2.49,-2.49,59.95,0.06
178,Entry long,2026-01-27 17:00,Long Entry,2989.59,0.0334,99.852306,0.79,0.79,1.47,1.47,-2.49,-2.49,59.95,0.06
179,Exit short,2026-01-30 08:00,Max Hold,2738.43,0.0347,99.75556,4.63,4.64,6.94,6.95,-0.09,-0.09,64.59,0.06
179,Entry short,2026-01-29 15:00,Short Entry,2874.8,0.0347,99.75556,4.63,4.64,6.94,6.95,-0.09,-0.09,64.59,0.06
180,Exit short,2026-02-01 05:00,Max Hold,2447.04,0.0378,99.755712,7.16,7.18,16.46,16.49,-0.21,-0.21,71.75,0.07
180,Entry short,2026-01-31 12:00,Short Entry,2639.04,0.0378,99.755712,7.16,7.18,16.46,16.49,-0.21,-0.21,71.75,0.07
181,Exit short,2026-02-03 21:00,SL,2298.92,0.0471,99.808197,-8.57,-8.59,0.35,0.35,-11.11,-11.13,63.17,0.06
181,Entry short,2026-02-03 19:00,Short Entry,2119.07,0.0471,99.808197,-8.57,-8.59,0.35,0.35,-11.11,-11.13,63.17,0.06
182,Exit short,2026-02-05 07:00,Max Hold,2086.31,0.0455,99.97806,4.95,4.95,6.14,6.14,-1.34,-1.34,68.13,0.07
182,Entry short,2026-02-04 14:00,Short Entry,2197.32,0.0455,99.97806,4.95,4.95,6.14,6.14,-1.34,-1.34,68.13,0.07
183,Exit short,2026-02-06 06:00,Max Hold,1957.62,0.0484,99.84678,5,5.01,15.77,15.79,-2.2,-2.20,73.13,0.07
183,Entry short,2026-02-05 13:00,Short Entry,2062.95,0.0484,99.84678,5,5.01,15.77,15.79,-2.2,-2.20,73.13,0.07
184,Exit long,2026-02-08 06:00,Max Hold,2083.55,0.049,99.98989,2,2.00,4.09,4.08,-1.64,-1.64,75.13,0.08
184,Entry long,2026-02-07 13:00,Long Entry,2040.61,0.049,99.98989,2,2.00,4.09,4.08,-1.64,-1.64,75.13,0.08
185,Exit short,2026-02-12 02:00,Max Hold,1964.67,0.0513,99.971901,-0.92,-0.92,2.39,2.39,-3.47,-3.47,74.21,0.07
185,Entry short,2026-02-11 09:00,Short Entry,1948.77,0.0513,99.971901,-0.92,-0.92,2.39,2.39,-3.47,-3.47,74.21,0.07
186,Exit long,2026-02-15 02:00,Max Hold,2062.9,0.048,99.89136,-0.97,-0.97,1.2,1.20,-1.46,-1.46,73.24,0.07
186,Entry long,2026-02-14 09:00,Long Entry,2081.07,0.048,99.89136,-0.97,-0.97,1.2,1.20,-1.46,-1.46,73.24,0.07
187,Exit short,2026-02-16 21:00,Max Hold,1992.3,0.051,99.84423,-1.86,-1.87,1.09,1.09,-3.39,-3.40,71.38,0.07
187,Entry short,2026-02-16 04:00,Short Entry,1957.73,0.051,99.84423,-1.86,-1.87,1.09,1.09,-3.39,-3.40,71.38,0.07
188,Exit short,2026-02-24 21:00,Max Hold,1857.53,0.0546,99.969324,-1.55,-1.55,1.86,1.86,-1.89,-1.89,69.83,0.07
188,Entry short,2026-02-24 04:00,Short Entry,1830.94,0.0546,99.969324,-1.55,-1.55,1.86,1.86,-1.89,-1.89,69.83,0.07
189,Exit long,2026-02-25 17:00,Open,2064.2,0.05,99.8305,3.28,3.28,3.78,3.79,-0.6,-0.61,73.05,0.07
189,Entry long,2026-02-25 15:00,Long Entry,1996.61,0.05,99.8305,3.28,3.28,3.78,3.79,-0.6,-0.61,73.05,0.07