timestamp,price,SMA_short,SMA_long,signal
2023-01-01 00:00:00,100.24835707650561,,,0
2023-01-01 00:01:00,100.06644888847305,,,0
2023-01-01 00:02:00,100.59451073617895,,,0
2023-01-01 00:03:00,101.16627755737545,,,0
2023-01-01 00:04:00,100.42030308696805,,,0
2023-01-01 00:05:00,100.5509655102753,,,0
2023-01-01 00:06:00,101.58585551312305,,,0
2023-01-01 00:07:00,101.30527594770659,,,0
2023-01-01 00:08:00,100.80877015523596,,,0
2023-01-01 00:09:00,101.43293361175097,,,0
2023-01-01 00:10:00,101.0438616581787,,,0
2023-01-01 00:11:00,101.15198310271225,,,0
2023-01-01 00:12:00,101.61007534764039,,,0
2023-01-01 00:13:00,100.63129713251392,,,0
2023-01-01 00:14:00,100.81856756929507,,,0
2023-01-01 00:15:00,101.48689022412943,,,0
2023-01-01 00:16:00,101.34224029083681,,,0
2023-01-01 00:17:00,102.07973702638536,,,0
2023-01-01 00:18:00,101.53564206717144,,,0
2023-01-01 00:19:00,101.34340112110885,101.06116968117826,,0
2023-01-01 00:20:00,102.8349374170511,101.19049869820553,,0
2023-01-01 00:21:00,102.034278172014,101.28889016238259,,0
2023-01-01 00:22:00,102.21833860380134,101.3700815557637,,0
2023-01-01 00:23:00,101.50185530952223,101.38686044337103,,0
2023-01-01 00:24:00,101.96386209459395,101.46403839375233,,0
2023-01-01 00:25:00,102.30546129485494,101.55176318298132,,0
2023-01-01 00:26:00,101.6805566681454,101.55649824073244,,0
2023-01-01 00:27:00,102.44207841180179,101.61333836393719,,0
2023-01-01 00:28:00,101.94425515649797,101.6701126140003,,0
2023-01-01 00:29:00,102.08131944736064,101.70253190578077,,0
2023-01-01 00:30:00,101.9012597264756,101.74540180919563,,0
2023-01-01 00:31:00,103.09569206403098,101.84258725726156,,0
2023-01-01 00:32:00,102.12290549256306,101.86822876450769,,0
2023-01-01 00:33:00,101.55375789560976,101.91435180266248,,0
2023-01-01 00:34:00,102.43992830705562,101.99541983955052,,0
2023-01-01 00:35:00,101.35761216376439,101.98895593653226,,0
2023-01-01 00:36:00,102.00545828305395,102.02211683614311,,0
2023-01-01 00:37:00,100.84810219290293,101.960535094469,,0
2023-01-01 00:38:00,101.08500118740815,101.93800305048083,,0
2023-01-01 00:39:00,101.76327859743195,101.95899692429698,,0
2023-01-01 00:40:00,101.94480379458265,101.91449024317356,,0
2023-01-01 00:41:00,101.56733773055298,101.89114322110052,,0
2023-01-01 00:42:00,101.32568320700932,101.84651045126091,,0
2023-01-01 00:43:00,101.1310067353355,101.82796802255157,,0
2023-01-01 00:44:00,100.43698811018564,101.75162432333117,,0
2023-01-01 00:45:00,100.70811188455255,101.67175685281605,,0
2023-01-01 00:46:00,100.72706038884982,101.62408203885126,,0
2023-01-01 00:47:00,101.3733237422809,101.57064430537523,,0
2023-01-01 00:48:00,100.90247561191285,101.51855532814596,,0
2023-01-01 00:49:00,99.73406096137725,101.40119240384679,,0
2023-01-01 00:50:00,100.6620419846974,101.33923151675788,,0
2023-01-01 00:51:00,100.19187782073321,101.19404080459299,,0
2023-01-01 00:52:00,99.93087253271841,101.08443915660077,,0
2023-01-01 00:53:00,100.461075515249,101.02980503758272,,0
2023-01-01 00:54:00,100.55811998691827,100.93571462157585,,0
2023-01-01 00:55:00,100.3976060708082,100.88771431692804,,0
2023-01-01 00:56:00,99.40414213301933,100.75764850942632,,0
2023-01-01 00:57:00,99.56383522894424,100.6934351612284,,0
2023-01-01 00:58:00,99.78212436749834,100.62829132023288,,0
2023-01-01 00:59:00,100.0061189736032,100.54043333904146,,0
2023-01-01 01:00:00,99.18484237649241,100.40243526813694,,0
2023-01-01 01:01:00,99.2423225321707,100.28618450821781,,0
2023-01-01 01:02:00,98.69773830113962,100.15478726292434,,0
2023-01-01 01:03:00,98.57395943311684,100.0269348978134,,0
2023-01-01 01:04:00,99.50523642564552,99.9803473135864,,0
2023-01-01 01:05:00,99.71008602553552,99.93044602063556,,0
2023-01-01 01:06:00,98.93533908820581,99.84085995560335,,0
2023-01-01 01:07:00,99.4191530888583,99.74315142293221,,0
2023-01-01 01:08:00,99.05116390759179,99.65058583771616,,0
2023-01-01 01:09:00,98.50788715092092,99.58927714719334,,0
2023-01-01 01:10:00,98.9785847701639,99.50510428646668,,0
2023-01-01 01:11:00,99.5418519609757,99.4726029934788,,0
2023-01-01 01:12:00,98.73751247898764,99.41293499079225,,0
2023-01-01 01:13:00,99.52809242527805,99.36628583629371,,0
2023-01-01 01:14:00,97.43407399109859,99.21008353650272,,0
2023-01-01 01:15:00,99.16095125218762,99.14825079557171,,0
2023-01-01 01:16:00,98.80747007726255,99.11841719278387,,0
2023-01-01 01:17:00,98.6362669221381,99.07203877744355,,0
2023-01-01 01:18:00,98.86130588681037,99.02599785340917,,0
2023-01-01 01:19:00,97.85904922044229,98.91864436575112,,0
2023-01-01 01:20:00,98.78805102349094,98.89880479810104,,0
2023-01-01 01:21:00,99.12900331397937,98.89313883719147,,0
2023-01-01 01:22:00,99.74929291743871,98.94571656800642,,0
2023-01-01 01:23:00,98.81825153077546,98.95793117288936,,0
2023-01-01 01:24:00,98.74709734754938,98.92002421898454,,0
2023-01-01 01:25:00,98.98108748945782,98.88357429218067,,0
2023-01-01 01:26:00,99.77667457329946,98.92564106643535,,0
2023-01-01 01:27:00,99.57643829998703,98.93350532699179,,0
2023-01-01 01:28:00,99.2460256862591,98.94324841592515,,0
2023-01-01 01:29:00,99.8717857370593,99.01144334523207,,0
2023-01-01 01:30:00,99.77296827008908,99.05116252022833,,0
2023-01-01 01:31:00,100.32266890530845,99.09020336744496,,0
2023-01-01 01:32:00,99.6054661048579,99.13360104873848,,0
2023-01-01 01:33:00,99.91461034357098,99.15292694465312,,0
2023-01-01 01:34:00,100.00769681806456,99.28160808600143,,0
2023-01-01 01:35:00,99.60020853718405,99.30357095025124,,0
2023-01-01 01:36:00,100.61068036420257,99.39373146459825,,0
2023-01-01 01:37:00,100.72576500691851,99.49820636883727,,0
2023-01-01 01:38:00,100.73189026119262,99.59173558755637,,0
2023-01-01 01:39:00,100.74712539425379,99.73613939624695,100.44307674130296,0
2023-01-01 01:40:00,100.2923146289748,99.81135257652116,100.44351631682764,0
2023-01-01 01:41:00,100.92525837767596,99.90116532970598,100.45210441171966,0
2023-01-01 01:42:00,101.09930920886522,99.96866614427731,100.45715239644653,0
2023-01-01 01:43:00,101.00362399456064,100.07793476746656,100.4555258608184,0
2023-01-01 01:44:00,101.45673691849672,100.21341674601393,100.46589019913367,0
2023-01-01 01:45:00,101.87005941715717,100.3578653423989,100.4790811382025,0
2023-01-01 01:46:00,102.73934205597462,100.50599871653266,100.49061600363102,1
2023-01-01 01:47:00,102.00884748954606,100.6276191760106,100.49765171904941,0
2023-01-01 01:48:00,102.17228254356482,100.77393201887588,100.51128684293269,0
2023-01-01 01:49:00,102.1244306320749,100.88656426362668,100.51820181313593,0
2023-01-01 01:50:00,101.31618489693541,100.96372509496898,100.52092504552351,0
2023-01-01 01:51:00,102.37159104177277,101.0661712017922,100.5331211249141,0
2023-01-01 01:52:00,102.5192093168279,101.2118583623907,100.54221246460598,0
2023-01-01 01:53:00,103.81955831108546,101.40710576076643,100.5740950763917,0
2023-01-01 01:54:00,102.58484600316102,101.53596322002124,100.59175786073034,0
2023-01-01 01:55:00,102.91880765991671,101.70189317615788,100.60607703508822,0
2023-01-01 01:56:00,102.8312999661514,101.81292415625532,100.62096763184138,0
2023-01-01 01:57:00,102.33827434127795,101.8935496229733,100.6235530049903,0
2023-01-01 01:58:00,103.56106551218956,102.03500838552314,100.64380723944049,0
2023-01-01 01:59:00,103.42551948811989,102.16892809021644,100.66462842311061,0
2023-01-01 02:00:00,103.49762900611184,102.3291938090733,100.6712553390012,0
2023-01-01 02:01:00,102.6924725948599,102.4175545199325,100.67783728322965,0
2023-01-01 02:02:00,103.88597165692542,102.55688764233551,100.6945136137609,0
2023-01-01 02:03:00,102.51330387123282,102.63237163616911,100.704628099378,0
2023-01-01 02:04:00,103.52948200375667,102.73600889043212,100.72028429846964,0
2023-01-01 02:05:00,104.345227812905,102.85976731021951,100.74068196365013,0
2023-01-01 02:06:00,102.76078529429121,102.86083947213532,100.75148424991158,0
2023-01-01 02:07:00,102.97108053782756,102.90895112454942,100.75677427117184,0
2023-01-01 02:08:00,103.2944001840012,102.96505700657124,100.7702757214469,0
2023-01-01 02:09:00,102.97542849519918,103.00760689972745,100.77921681192525,0
2023-01-01 02:10:00,102.42678131705723,103.06313672073354,100.78447202783107,0
2023-01-01 02:11:00,103.20383445917952,103.10474889160386,100.78555345178256,0
2023-01-01 02:12:00,102.59850224806898,103.10871353816592,100.79030941933763,0
2023-01-01 02:13:00,103.31940957540532,103.0837061013819,100.80796593613559,0
2023-01-01 02:14:00,102.56894373388712,103.08291098791821,100.80925609040389,0
2023-01-01 02:15:00,103.74300119125867,103.12412066448533,100.83310998067884,0
2023-01-01 02:16:00,102.50939983938346,103.10802565814693,100.83814939624213,0
2023-01-01 02:17:00,102.66690649673998,103.12445726592003,100.85633743928051,0
2023-01-01 02:18:00,103.15585282054221,103.10419663133766,100.87704595561183,0
2023-01-01 02:19:00,102.0494158212804,103.03539144799569,100.87990732785032,0
2023-01-01 02:20:00,102.68930047188701,102.99497502128445,100.88735229462338,0
2023-01-01 02:21:00,103.1352249670992,103.01711263989641,100.90303116698884,0
2023-01-01 02:22:00,101.57976573092283,102.90180234359627,100.90557199222796,0
2023-01-01 02:23:00,102.3738755123963,102.89483092565445,100.91800067999858,0
2023-01-01 02:24:00,102.30619050249356,102.8336663505913,100.93669270392165,0
2023-01-01 02:25:00,102.45894542463856,102.73935223117799,100.95420103932251,0
2023-01-01 02:26:00,101.33890441889066,102.66825818740794,100.96031947962294,0
2023-01-01 02:27:00,101.1845343226293,102.57893087664802,100.95843158542641,0
2023-01-01 02:28:00,101.99163724993706,102.51379272994484,100.96932320180666,0
2023-01-01 02:29:00,101.76407337567522,102.45322497396862,100.98962332594964,0
2023-01-01 02:30:00,101.62524642517293,102.4131482293744,100.99925537035439,0
2023-01-01 02:31:00,101.55764306568986,102.33083865969994,101.01291302280396,0
2023-01-01 02:32:00,100.92932117208214,102.24737960590059,101.02289750919759,0
2023-01-01 02:33:00,101.27136421940905,102.14497733810077,101.0310003962392,0
2023-01-01 02:34:00,101.18915646231963,102.0759879745224,101.03731076099321,0
2023-01-01 02:35:00,100.57479030223692,101.9175774300713,101.0390826033075,0
2023-01-01 02:36:00,101.75663815020303,101.8799393456123,101.06260756347932,0
2023-01-01 02:37:00,100.95535787732574,101.79436191464158,101.07652278996315,0
2023-01-01 02:38:00,100.02084090319524,101.63761131877422,101.0789099553201,0
2023-01-01 02:39:00,100.84662321435893,101.57747168842816,101.08731499772766,0
2023-01-01 02:40:00,99.9370886603014,101.43986109784888,101.09483746056576,0
2023-01-01 02:41:00,100.72869432237384,101.31953456561261,101.1097011784678,0
2023-01-01 02:42:00,100.83020357764633,101.28205645794878,101.13102583123288,0
2023-01-01 02:43:00,99.76172158598132,101.15144876162803,101.14290345276152,0
2023-01-01 02:44:00,100.58066157907058,101.06517231545688,101.15365770429575,-1
2023-01-01 02:45:00,100.23835647471837,100.95414286796088,101.15894040878759,0
2023-01-01 02:46:00,100.38237422899321,100.906316358466,101.17341076019545,0
2023-01-01 02:47:00,100.86578313123925,100.8903787988965,101.18787706061927,0
2023-01-01 02:48:00,99.74765183706654,100.77817952825299,101.19484193991403,0
2023-01-01 02:49:00,99.45357894604474,100.66265480677146,101.20429885786525,0
2023-01-01 02:50:00,99.35312975259693,100.54904897314266,101.20804430768958,0
2023-01-01 02:51:00,99.36492853526002,100.43941324662117,101.20627507343242,0
2023-01-01 02:52:00,99.71687464383557,100.37879092020883,101.2160686950809,0
2023-01-01 02:53:00,99.91634658477938,100.31104003847736,101.21995123667591,0
2023-01-01 02:54:00,99.88229194280846,100.24569681250179,101.24443341619302,0
2023-01-01 02:55:00,100.163591624518,100.22513687861586,101.25445981991632,0
2023-01-01 02:56:00,99.77044748908241,100.12582734555981,101.26408959403452,0
2023-01-01 02:57:00,100.5125376359497,100.10368633349101,101.28285230117264,0
2023-01-01 02:58:00,99.68309708192365,100.08679914242744,101.29107021312379,0
2023-01-01 02:59:00,101.21291826103754,100.10511389476137,101.32460890352974,0
2023-01-01 03:00:00,100.2107206412922,100.1187954938109,101.33883559970772,0
2023-01-01 03:01:00,99.52186825001536,100.05845419019298,101.3427642490681,0
2023-01-01 03:02:00,99.4748996460374,99.99068899361254,101.34002031635407,0
2023-01-01 03:03:00,100.31862284753387,100.01853405669016,101.35502402952166,0
2023-01-01 03:04:00,100.03961275633304,99.99148161555328,101.36794918360951,0
2023-01-01 03:05:00,100.58896625829614,100.00901210473218,101.3840279712979,0
2023-01-01 03:06:00,100.5555923267352,100.01767300961927,101.39181714883223,0
2023-01-01 03:07:00,100.37564828882876,99.99316626749874,101.39980924872067,0
2023-01-01 03:08:00,100.08750892910842,100.01015912210083,101.40822408114914,0
2023-01-01 03:09:00,99.85772840815969,100.03036659520659,101.40808350786016,0
2023-01-01 03:10:00,100.50117201938154,100.08776870854582,101.41536554535308,0
2023-01-01 03:11:00,101.26654580720374,100.182849572143,101.42480431437203,0
2023-01-01 03:12:00,101.06353952386166,100.2501828161443,101.43938504856207,0
2023-01-01 03:13:00,100.45557202751387,100.27714408828103,101.4447946654015,0
2023-01-01 03:14:00,101.29034135755623,100.34754655901843,101.45762111079642,0
2023-01-01 03:15:00,101.52462470111452,100.41559821284825,101.47686527243573,0
2023-01-01 03:16:00,101.02069150756971,100.47811041377261,101.48096538386939,0
2023-01-01 03:17:00,101.67209992380131,100.5360885281652,101.49042873303823,0
2023-01-01 03:18:00,101.75843789209439,100.63985556867372,101.50069420934724,0
2023-01-01 03:19:00,101.29293381202605,100.64385634622315,101.50615229352496,0
2023-01-01 03:20:00,102.17889368017414,100.74226499816726,101.52501808403696,0
2023-01-01 03:21:00,102.41597330224275,100.88697025077863,101.53992523328263,0
2023-01-01 03:22:00,102.81219208871624,101.05383487291256,101.55705406208114,0
2023-01-01 03:23:00,102.93166365518891,101.18448691329532,101.57633445868741,0
2023-01-01 03:24:00,101.84854509035118,101.27493352999622,101.58025254040597,0
2023-01-01 03:25:00,102.19912146879234,101.35544129052104,101.5835431609223,0
2023-01-01 03:26:00,103.05376673897368,101.48035001113296,101.5866874077523,0
2023-01-01 03:27:00,103.17845155858625,101.62049017462084,101.5983834484427,1
2023-01-01 03:28:00,103.30103119135646,101.78116628773323,101.60967093492062,0
2023-01-01 03:29:00,105.08801933528535,102.04268083408951,101.63930682195273,0
2023-01-01 03:30:00,103.56101575993152,102.19567302111702,101.66175513058268,0
2023-01-01 03:31:00,103.95263079958768,102.32997727073622,101.67756552816083,0
2023-01-01 03:32:00,103.96609509360398,102.47510504922334,101.6920343859286,0
2023-01-01 03:33:00,103.91363288049571,102.64800809187243,101.69297513162272,0
2023-01-01 03:34:00,103.52339186323141,102.75966061715617,101.70236059022342,0
2023-01-01 03:35:00,104.14751859899654,102.89080531205028,101.71464769961422,0
2023-01-01 03:36:00,103.46224324373524,103.01288289885856,101.72095713239005,0
2023-01-01 03:37:00,103.80420405671772,103.11948810550436,101.73561642954442,0
2023-01-01 03:38:00,103.74697233101749,103.21891482745055,101.73747549773272,0
2023-01-01 03:39:00,104.09049004146966,103.35879263892271,101.74412520326621,0
2023-01-01 03:40:00,105.25944231592706,103.51282007071036,101.76174333636436,0
2023-01-01 03:41:00,103.21353372596138,103.55269809189629,101.76695394767539,0
2023-01-01 03:42:00,104.52770459664464,103.63847371729271,101.77337127707257,0
2023-01-01 03:43:00,103.40787146703413,103.66228410788497,101.78231695303059,0
2023-01-01 03:44:00,104.00008752396182,103.7698612295655,101.78702300823262,0
2023-01-01 03:45:00,104.79447529848369,103.89962892105007,101.79151548308842,0
2023-01-01 03:46:00,104.28819346640428,103.9613502574216,101.80678956480955,0
2023-01-01 03:47:00,103.7153570136643,103.98819553017549,101.81423232956793,0
2023-01-01 03:48:00,103.8869226468274,104.01749010294904,101.82015755419617,0
2023-01-01 03:49:00,104.56696519672461,103.991437396021,101.83607292121145,0
2023-01-01 03:50:00,103.83692971673173,104.00523309386104,101.8501744052082,0
2023-01-01 03:51:00,104.2777822665675,104.02149066721002,101.86091388328207,0
2023-01-01 03:52:00,104.15244002488393,104.03080791377401,101.87645326105022,0
2023-01-01 03:53:00,103.75681318628482,104.02296692906346,101.88082729715899,0
2023-01-01 03:54:00,105.10062789566669,104.10182873068523,101.90614413877682,0
2023-01-01 03:55:00,104.28499349990891,104.10870247573087,101.91156406186332,0
2023-01-01 03:56:00,102.88845519222278,104.08001307315521,101.91535461539169,0
2023-01-01 03:57:00,103.92116441222754,104.0858610909307,101.92789719454657,0
2023-01-01 03:58:00,103.41820097947317,104.0694225233535,101.9305206761359,0
2023-01-01 03:59:00,104.09106464689549,104.06945125362479,101.95093716439206,0
2023-01-01 04:00:00,103.17931013536861,103.96544464459687,101.95583726102684,0
2023-01-01 04:01:00,103.42428536922453,103.97598222676004,101.95872786504809,0
2023-01-01 04:02:00,103.63600098769366,103.93139704631248,101.97929021761581,0
2023-01-01 04:03:00,103.71443618021522,103.94672528197152,101.992695824294,0
2023-01-01 04:04:00,102.57610090184146,103.87552595086552,101.99539492828748,0
2023-01-01 04:05:00,102.90078337082943,103.7808413544828,101.99981330774939,0
2023-01-01 04:06:00,102.71990711874923,103.70242703710005,102.01362333474798,0
2023-01-01 04:07:00,102.5180980128846,103.64256408706106,102.02695897165053,0
2023-01-01 04:08:00,103.61339358726916,103.62888763408316,102.04317653502385,0
2023-01-01 04:09:00,102.8180718945391,103.54144296897388,102.05371652021249,0
2023-01-01 04:10:00,101.86955802283248,103.4430743842789,102.05615963618908,0
2023-01-01 04:11:00,102.84334993446876,103.37135276767398,102.06901670487689,0
2023-01-01 04:12:00,103.3304116313777,103.33025134799865,102.09302760946984,0
2023-01-01 04:13:00,102.67147000110413,103.27598418873963,102.10702866728678,0
2023-01-01 04:14:00,101.28293524269328,103.08509955609097,102.1079664550905,0
2023-01-01 04:15:00,101.68984897481697,102.95534232983637,102.11911704181631,0
2023-01-01 04:16:00,102.45720646922396,102.93377989368642,102.12612272500654,0
2023-01-01 04:17:00,101.36460668406046,102.80595200727808,102.13021521307387,0
2023-01-01 04:18:00,101.83840236586968,102.7269620765979,102.14839082770062,0
2023-01-01 04:19:00,101.90566343675668,102.61769201609096,102.1589812299246,0
2023-01-01 04:20:00,100.96096425962601,102.50677472230382,102.16921998591785,0
2023-01-01 04:21:00,101.30538934247171,102.40082992096617,102.17498693611883,0
2023-01-01 04:22:00,99.6302721181081,102.2005434774869,102.16298762152343,0
2023-01-01 04:23:00,100.65986892449001,102.04781511470064,102.17196909490853,-1
2023-01-01 04:24:00,100.97268943875184,101.96764454154615,102.17588937350534,0
2023-01-01 04:25:00,100.40807442026768,101.84300909401807,102.17758655296083,0
2023-01-01 04:26:00,101.78754980096178,101.79639122812871,102.19163830868052,0
2023-01-01 04:27:00,100.20231595093196,101.68060212503107,102.18500363687744,0
2023-01-01 04:28:00,100.65032365171948,101.53244862825359,102.19403035502397,0
2023-01-01 04:29:00,100.89581731686654,101.43633589936996,102.20845273873219,0
2023-01-01 04:30:00,101.51852361194275,101.41878417882548,102.23010667732565,0
2023-01-01 04:31:00,100.05490260215302,101.27936181220969,102.23700641799458,0
2023-01-01 04:32:00,101.3370073746201,101.17969159937181,102.25320774530242,0
2023-01-01 04:33:00,100.75088712788084,101.08366245571065,102.26155315073343,0
2023-01-01 04:34:00,100.25319221761947,101.03217530445696,102.26526215348154,0
2023-01-01 04:35:00,100.98105173713164,100.99673544257269,102.27343675460769,0
2023-01-01 04:36:00,100.8634763909302,100.91704893865798,102.28436704362618,0
2023-01-01 04:37:00,100.48566215879164,100.87310171239456,102.28409828885458,0
2023-01-01 04:38:00,100.85032654103763,100.82369792115296,102.29577058344572,0
2023-01-01 04:39:00,100.66017687931186,100.76142359328071,102.29024316962847,0
2023-01-01 04:40:00,100.95464564003531,100.76110766230119,102.29768241961591,0
2023-01-01 04:41:00,101.28151236548402,100.75991381345179,102.31527886077058,0
2023-01-01 04:42:00,101.80335430314064,100.86856792270342,102.33856340734162,0
2023-01-01 04:43:00,100.45847889049885,100.85849842100387,102.33996196777125,0
2023-01-01 04:44:00,102.2178608363241,100.92075699088248,102.36174444857117,0
2023-01-01 04:45:00,100.25592211148884,100.91314937544354,102.35841400710311,0
2023-01-01 04:46:00,101.24308096693062,100.88592593374197,102.36528889350505,0
2023-01-01 04:47:00,101.70622134839948,100.96112120361536,102.37859462410077,0
2023-01-01 04:48:00,101.65140172201014,101.01117510712989,102.39423355202979,0
2023-01-01 04:49:00,101.30380226059232,101.03157435431618,102.40869429055411,0
2023-01-01 04:50:00,101.62036837023642,101.03666659223086,102.41988625406266,0
2023-01-01 04:51:00,101.5918459427126,101.11351375925884,102.42313925541774,0
2023-01-01 04:52:00,101.66181027332446,101.12975390419405,102.42912196291238,0
2023-01-01 04:53:00,102.50324246538038,101.21737167106903,102.44959866729103,0
2023-01-01 04:54:00,102.38225863761316,101.32382499206872,102.4605178400916,0
2023-01-01 04:55:00,101.98551121361979,101.37404796589313,102.46512670521666,0
2023-01-01 04:56:00,102.91242016338691,101.47649515451596,102.48404399177484,0
2023-01-01 04:57:00,102.74888713126686,101.58965640313973,102.49481186384948,0
2023-01-01 04:58:00,103.13576459229087,101.70392830570238,102.50858513085146,0
2023-01-01 04:59:00,103.17923338190317,101.82988113083195,102.52744812655023,0
2023-01-01 05:00:00,102.58550249453896,101.91142397355712,102.53151421469387,0
2023-01-01 05:01:00,102.85549051896015,101.99012288123095,102.53590938686104,0
2023-01-01 05:02:00,103.64431326969024,102.08217082955842,102.54423059867081,0
2023-01-01 05:03:00,103.70994776188817,102.24474427312788,102.55201343973776,0
2023-01-01 05:04:00,103.52692897734764,102.31019768017907,102.56879727860775,0
2023-01-01 05:05:00,103.72669768040429,102.48373645862485,102.58407304072385,0
2023-01-01 05:06:00,104.43508155326357,102.64333648794147,102.59788618886678,1
2023-01-01 05:07:00,103.62577288871222,102.7393140649571,102.60235940216802,0
2023-01-01 05:08:00,104.31705603878845,102.87259678079604,102.61251965064235,0
2023-01-01 05:09:00,104.06055726374105,103.01043453095346,102.6022450299269,0
2023-01-01 05:10:00,104.16672990297133,103.13775260759022,102.6083021713573,0
2023-01-01 05:11:00,104.93423640549098,103.30487213072914,102.61811822741635,0
2023-01-01 05:12:00,104.90180238635139,103.46687173638047,102.62747530034379,0
2023-01-01 05:13:00,104.99469207284314,103.59144421675362,102.63828589226726,0
2023-01-01 05:14:00,105.33376588912873,103.7390195793294,102.65638963252624,0
2023-01-01 05:15:00,104.77853590956629,103.8786708141267,102.66269980563195,0
2023-01-01 05:16:00,105.18963233665151,103.99253142278994,102.6799736965611,0
2023-01-01 05:17:00,104.767479981791,104.09346106531616,102.68960645581184,0
2023-01-01 05:18:00,105.15173728117627,104.19425969976044,102.70365410531343,0
2023-01-01 05:19:00,104.98448144459266,104.2845221028949,102.71259401934465,0
2023-01-01 05:20:00,105.15061101508667,104.41277752892229,102.71150570633627,0
2023-01-01 05:21:00,105.44474483497571,104.54224024472305,102.73381781742638,0
2023-01-01 05:22:00,104.77546415984064,104.59879778923059,102.73629541305836,0
2023-01-01 05:23:00,106.2604230404717,104.72632155315975,102.76482092879274,0
2023-01-01 05:24:00,104.73304476610669,104.78662734259771,102.7721505012142,0
2023-01-01 05:25:00,104.64290569360614,104.83243774325781,102.77063480516541,0
2023-01-01 05:26:00,105.83510889360659,104.90243911027494,102.78610395943744,0
2023-01-01 05:27:00,105.65006074961042,105.00365350331985,102.80545099679689,0
2023-01-01 05:28:00,105.55663440998346,105.0656324218796,102.82214811442846,0
2023-01-01 05:29:00,105.54133907688941,105.13967151253703,102.8318918532301,0
2023-01-01 05:30:00,105.19598964616685,105.19113449969682,102.84548245252445,0
2023-01-01 05:31:00,104.72092578603359,105.18046896872394,102.84991388771913,0
2023-01-01 05:32:00,105.1675563840289,105.1937566686078,102.86006505131057,0
2023-01-01 05:33:00,104.74403250433168,105.18122369018224,102.86993724449104,0
2023-01-01 05:34:00,105.51621571771291,105.19034618161145,102.87409312271149,0
2023-01-01 05:35:00,104.89450529799882,105.19614465103307,102.88018824069239,0
2023-01-01 05:36:00,104.48827788715533,105.16107692855829,102.89618646764173,0
2023-01-01 05:37:00,104.66724433401635,105.15606514616954,102.90364726685961,0
2023-01-01 05:38:00,104.95555993899518,105.14625627906048,102.91902085645482,0
2023-01-01 05:39:00,104.3829857030954,105.11618149198561,102.92194006701682,0
2023-01-01 05:40:00,104.16446030680174,105.06687395657138,102.93179156873117,0
2023-01-01 05:41:00,104.60349719570395,105.0248115746078,102.94358368699595,0
2023-01-01 05:42:00,104.5059906337578,105.01133789830365,102.95228358345659,0
2023-01-01 05:43:00,104.02808699544458,104.89972109605228,102.95542009160889,0
2023-01-01 05:44:00,103.94072995256019,104.86010535537496,102.96906638211607,0
2023-01-01 05:45:00,104.18405895742872,104.83716301856609,102.98189913798207,0
2023-01-01 05:46:00,103.23333760358105,104.70707445406481,102.98703344283038,0
2023-01-01 05:47:00,103.14103074198316,104.58162295368345,102.99326277012138,0
2023-01-01 05:48:00,103.3714443565024,104.47236345100939,102.99084327781371,0
2023-01-01 05:49:00,103.5088574632027,104.37073937032505,102.99775113350034,0
2023-01-01 05:50:00,103.65545378279901,104.29371257715668,103.0156100911,0
2023-01-01 05:51:00,104.12209706941616,104.2637711413258,103.02839756244947,0
2023-01-01 05:52:00,103.69816334447239,104.19030148934796,103.03207507958042,0
2023-01-01 05:53:00,103.07526810584685,104.10686326942373,103.03611306062786,0
2023-01-01 05:54:00,103.03311212171894,103.98270808962404,103.05361482941811,0
2023-01-01 05:55:00,102.4307013289312,103.85951789117067,103.06102335295925,0
2023-01-01 05:56:00,102.81449432663446,103.77582871314462,103.06459623153336,0
2023-01-01 05:57:00,102.57411209740978,103.67117210131428,103.07669128566685,0
2023-01-01 05:58:00,102.77785193196561,103.56228670096282,103.0860857813278,0
2023-01-01 05:59:00,102.10473093826585,103.44837396272132,103.08807645634289,0
2023-01-01 06:00:00,102.68410275253564,103.37435608500803,103.105307841272,0
2023-01-01 06:01:00,103.10152147700391,103.29925729907302,103.12326916261732,0
2023-01-01 06:02:00,102.1965257139142,103.18378405308083,103.14893169857538,0
2023-01-01 06:03:00,102.37291860620665,103.10102563361895,103.16606219539253,-1
2023-01-01 06:04:00,102.444045510304,103.02619141150612,103.18077575610806,0
2023-01-01 06:05:00,101.83135577530719,102.90855625240006,103.19500856965846,0
2023-01-01 06:06:00,102.08339038990118,102.85105889171606,103.19796697554786,0
2023-01-01 06:07:00,101.92368284030317,102.79019149663206,103.21518064444157,0
2023-01-01 06:08:00,101.9191839443424,102.71757847602404,103.22786924736779,0
2023-01-01 06:09:00,101.44394213629576,102.6143327096787,103.23335049556208,0
2023-01-01 06:10:00,101.81014205453917,102.52206712326571,103.23626667998806,0
2023-01-01 06:11:00,102.02183282336546,102.4170539109632,103.25593598220017,0
2023-01-01 06:12:00,102.48099730244014,102.35619560886157,103.26737588147839,0
2023-01-01 06:13:00,102.22540601041365,102.31370250408992,103.28212107030372,0
2023-01-01 06:14:00,102.82053777189923,102.30307378659894,103.30779452584652,0
2023-01-01 06:15:00,101.36632621855597,102.24985503108017,103.31164727066074,0
2023-01-01 06:16:00,102.2001068615038,102.21913565782363,103.32501357536648,0
2023-01-01 06:17:00,101.87744160024022,102.18430213296516,103.33893136978097,0
2023-01-01 06:18:00,102.91032696515146,102.19092588462446,103.3595313740221,0
2023-01-01 06:19:00,101.44868453506515,102.15812356446442,103.36741645057964,0
2023-01-01 06:20:00,101.4780260463193,102.0978197291536,103.37265025464248,0
2023-01-01 06:21:00,101.65075070550148,102.02528119057848,103.37634263804266,0
2023-01-01 06:22:00,100.94839803291305,101.96287480652842,103.36779307534037,0
2023-01-01 06:23:00,101.81450912907188,101.93495433267168,103.38135337772611,0
2023-01-01 06:24:00,101.77177781821912,101.90134094806743,103.37689254754507,0
2023-01-01 06:25:00,102.3071629044882,101.92513130452649,103.39740495547505,0
2023-01-01 06:26:00,102.48985150233699,101.94545436014828,103.40987266082914,0
2023-01-01 06:27:00,103.35014816476513,102.01677762637138,103.42631192899276,0
2023-01-01 06:28:00,102.98611770723565,102.07012431451604,103.43965908884503,0
2023-01-01 06:29:00,102.32670019267142,102.11426221733481,103.44988806816583,0
2023-01-01 06:30:00,102.27522215974088,102.13751622259491,103.45643660606088,0
2023-01-01 06:31:00,103.08430599579526,102.1906398812164,103.4713612065917,0
2023-01-01 06:32:00,102.29637604828625,102.18140881850871,103.47770686434131,0
2023-01-01 06:33:00,103.99417079979705,102.26984705797787,103.4926161476855,0
2023-01-01 06:34:00,103.79347095499128,102.31849371713247,103.50672827085926,0
2023-01-01 06:35:00,103.09737818519775,102.40504631546455,103.51784694057504,0
2023-01-01 06:36:00,102.60605296112485,102.42534362044562,103.51478326855242,0
2023-01-01 06:37:00,104.27217355791126,102.54508021832916,103.53001613281886,0
2023-01-01 06:38:00,103.67206361024509,102.58316705058385,103.5353791229984,0
2023-01-01 06:39:00,104.4833271169281,102.734899179677,103.54842006034865,0
2023-01-01 06:40:00,103.20278617060282,102.82113718589116,103.55459289710929,0
2023-01-01 06:41:00,103.83589352758175,102.93039432699518,103.5643969271955,0
2023-01-01 06:42:00,104.2732883169877,103.09663884119891,103.57068667766848,0
2023-01-01 06:43:00,104.42825292605382,103.22732603104801,103.57786972931015,0
2023-01-01 06:44:00,104.31234703859009,103.35435449206656,103.58572390992256,0
2023-01-01 06:45:00,104.97945895492363,103.48796929458834,103.59825152266774,0
2023-01-01 06:46:00,104.26243889067806,103.57659866400539,103.5965250960419,0
2023-01-01 06:47:00,104.8503688406195,103.65160969779811,103.60877105556098,1
2023-01-01 06:48:00,105.10365516405939,103.7574865706393,103.61663704681368,0
2023-01-01 06:49:00,105.41887300698737,103.91209521135508,103.63022020424614,0
2023-01-01 06:50:00,105.63137794362937,104.0799030005495,103.64486668465274,0
2023-01-01 06:51:00,104.82252693357844,104.16681404743868,103.64374958993359,0
2023-01-01 06:52:00,104.72203712648957,104.28809710134882,103.641951937335,0
2023-01-01 06:53:00,106.22677566579206,104.3997273446486,103.65427277326448,0
2023-01-01 06:54:00,105.84718349154137,104.5024129714761,103.65940694928861,0
2023-01-01 06:55:00,105.39379072047163,104.61723359823979,103.66555949739764,0
2023-01-01 06:56:00,106.62423183876528,104.81814254212182,103.6799054924188,0
2023-01-01 06:57:00,105.98045067723416,104.90355639808794,103.69203519937322,0
2023-01-01 06:58:00,106.57930269696395,105.0489183524239,103.70631085353108,0
2023-01-01 06:59:00,106.08331221248156,105.12891760720156,103.71729916121,0
2023-01-01 07:00:00,107.1324869950313,105.32540264842301,103.73711792100943,0
2023-01-01 07:01:00,107.02483674347886,105.48484980921785,103.75291884009448,0
2023-01-01 07:02:00,106.06009242721784,105.57419001472935,103.76576512276823,0
2023-01-01 07:03:00,106.70001487810613,105.68777811233198,103.77016104114459,0
2023-01-01 07:04:00,106.55874143164911,105.80009783198493,103.78841800779999,0
2023-01-01 07:05:00,106.93431577876618,105.89784067317706,103.8113321086516,0
2023-01-01 07:06:00,105.7735917265665,105.97339831497148,103.81071693698121,0
2023-01-01 07:07:00,106.59725513262818,106.0607426295719,103.82018888081139,0
2023-01-01 07:08:00,106.77378674488217,106.14424920861306,103.83236040416037,0
2023-01-01 07:09:00,105.34779657904572,106.14069538721597,103.83042497918194,0
2023-01-01 07:10:00,105.61048377625741,106.13965067884737,103.83456992048285,0
2023-01-01 07:11:00,105.14993688289645,106.15602117631326,103.83886003145146,0
2023-01-01 07:12:00,105.99495068770975,106.21966685437428,103.84713397448827,0
2023-01-01 07:13:00,106.4413844879857,106.23039729548395,103.86410749432481,0
2023-01-01 07:14:00,106.77983437705204,106.2770298397595,103.87674368091821,0
2023-01-01 07:15:00,106.00508137895979,106.3075943726839,103.88784944172781,0
2023-01-01 07:16:00,106.71533425833722,106.31214949366252,103.91012000543964,0
2023-01-01 07:17:00,105.13788652573538,106.27002128608756,103.91482642735681,0
2023-01-01 07:18:00,104.89740299217979,106.18592630084837,103.91424485788868,0
2023-01-01 07:19:00,105.63707413004907,106.16361439672673,103.9267857421582,0
2023-01-01 07:20:00,105.76760322905461,106.09537020842791,103.94281717138074,0
2023-01-01 07:21:00,105.46530621591094,106.01739368204952,103.95143526158282,0
2023-01-01 07:22:00,104.34978629818349,105.93187837559779,103.94987321822705,0
2023-01-01 07:23:00,105.23699856337376,105.85872755986115,103.96196233390636,0
2023-01-01 07:24:00,104.52401435511692,105.75699120603456,103.96779517793193,0
2023-01-01 07:25:00,105.40287026316493,105.68041893025449,103.9799832909893,0
2023-01-01 07:26:00,105.14067889737814,105.64877328879508,103.99905670392727,0
2023-01-01 07:27:00,104.37482273600777,105.53765166896406,104.01139462386749,0
2023-01-01 07:28:00,104.47373300846027,105.42264898214296,104.02241751038707,0
2023-01-01 07:29:00,104.08597427811415,105.35955786709637,104.0281886785362,0
2023-01-01 07:30:00,104.46866045136342,105.30246670085167,104.03632074522184,0
2023-01-01 07:31:00,104.861990121192,105.28806936276646,104.04371967573961,0
2023-01-01 07:32:00,103.77647050970361,105.17714535386615,104.0445027473919,0
2023-01-01 07:33:00,104.40726062858747,105.07543916089624,104.05782267261931,0
2023-01-01 07:34:00,103.77749141648408,104.92532201286784,104.06526646556698,0
2023-01-01 07:35:00,103.53552959511893,104.80184442367579,104.07631474822884,0
2023-01-01 07:36:00,103.77023571465337,104.6545894964916,104.08587216210903,0
2023-01-01 07:37:00,103.20082025566016,104.55773618298784,104.09213924369155,0
2023-01-01 07:38:00,103.33966799912298,104.47984943333502,104.09775740436311,0
2023-01-01 07:39:00,102.91940746374759,104.34396610001993,104.10590416961793,0
2023-01-01 07:40:00,104.40679206187323,104.27592554166085,104.12313106271131,0
2023-01-01 07:41:00,103.35278379648848,104.17029942068973,104.12564368590614,0
2023-01-01 07:42:00,102.90104303414634,104.09786225748788,104.13268885910847,-1
2023-01-01 07:43:00,103.27905270052429,103.9999649643454,104.14175020005166,0
2023-01-01 07:44:00,103.042809489603,103.92590472106971,104.14773783984464,0
2023-01-01 07:45:00,102.92148121148351,103.80183526848563,104.1586390942064,0
2023-01-01 07:46:00,103.27842749901768,103.70872269856761,104.17058946529757,0
2023-01-01 07:47:00,103.29614049493593,103.65478858651402,104.1843140418439,0
2023-01-01 07:48:00,102.60509532126271,103.56135670215414,104.1911731556131,0
2023-01-01 07:49:00,102.54253790790116,103.48418488364351,104.20215911332916,0
2023-01-01 07:50:00,102.66036111883388,103.39376991701701,104.21066130397209,0
2023-01-01 07:51:00,101.62187309537494,103.23176406572615,104.20666170669219,0
2023-01-01 07:52:00,101.99782996744335,103.14283203861314,104.20183003334223,0
2023-01-01 07:53:00,103.42920773109331,103.09392939373845,104.21386805054902,0
2023-01-01 07:54:00,103.56643039989409,103.08337634290895,104.22132697682896,0
2023-01-01 07:55:00,102.6254819802218,103.03787396216407,104.23391853444564,0
2023-01-01 07:56:00,103.05222502467134,103.00197342766498,104.24243971607731,0
2023-01-01 07:57:00,102.9413956746428,102.98900219861412,104.25307925682132,0
2023-01-01 07:58:00,104.35486590277024,103.03976209379648,104.26752464619753,0
2023-01-01 07:59:00,103.41262113346002,103.0644227772821,104.28716401218148,0
2023-01-01 08:00:00,102.83392817166931,102.9857795827719,104.30072303343496,0
2023-01-01 08:01:00,102.47267680792328,102.94177423334365,104.3089422944592,0
2023-01-01 08:02:00,102.20712273493918,102.9070782183833,104.32152954147945,0
2023-01-01 08:03:00,103.17911845784587,102.90208150624937,104.33517563476718,0
2023-01-01 08:04:00,102.77316877635383,102.88859947058693,104.34518954434854,0
2023-01-01 08:05:00,102.52083915645126,102.8685673678353,104.34732630686817,0
2023-01-01 08:06:00,102.99568707232716,102.85443034650078,104.35238466256806,0
2023-01-01 08:07:00,102.87128874334998,102.83318775892148,104.34759606835392,0
2023-01-01 08:08:00,104.35447660567891,102.92065682314228,104.36127965733834,0
2023-01-01 08:09:00,104.05597189897735,102.9963285226961,104.37857237440139,0
2023-01-01 08:10:00,103.72044317475674,103.04933262549226,104.39302458455157,0
2023-01-01 08:11:00,104.57831847948702,103.19715489469783,104.4079647093885,0
2023-01-01 08:12:00,103.99517680562037,103.2970222366067,104.42495271696184,0
2023-01-01 08:13:00,103.64779931620573,103.30795181586231,104.42148900212591,0
2023-01-01 08:14:00,104.96531293326547,103.37789594253088,104.43320742190866,0
2023-01-01 08:15:00,104.60142103309244,103.47669289517441,104.4482478503876,0
2023-01-01 08:16:00,103.94399714850705,103.5212815013662,104.46162729226143,0
2023-01-01 08:17:00,104.50006803178675,103.59921511922339,104.46390623700017,0
2023-01-01 08:18:00,104.29152440617902,103.59604804439384,104.47010084495952,0
2023-01-01 08:19:00,104.1730190954592,103.63406794249379,104.46699776474483,0
2023-01-01 08:20:00,105.4630887737658,103.76552597259862,104.48960079077646,0
2023-01-01 08:21:00,106.0902893592937,103.94640660016714,104.51214474909358,0
2023-01-01 08:22:00,104.57138268021903,104.06461959743115,104.51512569272589,0
2023-01-01 08:23:00,105.68624724751673,104.18997603691466,104.5277056359405,0
2023-01-01 08:24:00,105.21205848976881,104.31192052258544,104.53670275045232,0
2023-01-01 08:25:00,105.42447129686754,104.45710212960623,104.54115287387174,0
2023-01-01 08:26:00,105.50005214324992,104.58232038315236,104.55352900639745,1
2023-01-01 08:27:00,105.48956319829023,104.71323410589939,104.55992094997417,0
2023-01-01 08:28:00,106.06776816217585,104.79889868372425,104.56956207995535,0
2023-01-01 08:29:00,105.74617853175248,104.88340901536299,104.57283513520298,0
2023-01-01 08:30:00,106.41079891747486,105.01792680249889,104.58062934494144,0
2023-01-01 08:31:00,106.35972892477281,105.10699732476319,104.59600136485338,0
2023-01-01 08:32:00,106.36962018842418,105.22571949390337,104.61247719547274,0
2023-01-01 08:33:00,106.13415542382201,105.3500372992842,104.61155099305303,0
2023-01-01 08:34:00,106.39264082026742,105.42140369363429,104.61700556634028,0
2023-01-01 08:35:00,107.14572960166277,105.54861912206282,104.63452495515222,0
2023-01-01 08:36:00,107.09911444481621,105.70637498687827,104.63927378121271,0
2023-01-01 08:37:00,106.43383573768847,105.80306337217334,104.64380763181727,0
2023-01-01 08:38:00,107.03932025764665,105.94045316474674,104.64840780742408,0
2023-01-01 08:39:00,107.4252465334624,106.10306453664688,104.66182715063388,0
2023-01-01 08:40:00,106.26741039202962,106.1432806175601,104.65317638460387,0
2023-01-01 08:41:00,107.41884641844723,106.20970847051777,104.65711648135355,0
2023-01-01 08:42:00,106.85326262198446,106.32380246760604,104.66504818330122,0
2023-01-01 08:43:00,107.49952873692554,106.41446654207648,104.67304332188942,0
2023-01-01 08:44:00,106.85442387858528,106.4965848115173,104.67600014635879,0
2023-01-01 08:45:00,106.34755894966774,106.54273919415729,104.67013257806781,0
2023-01-01 08:46:00,106.44228223791497,106.58985069889056,104.67681948318128,0
2023-01-01 08:47:00,107.27827187595965,106.67928613277404,104.68362965061459,0
2023-01-01 08:48:00,107.37443575231812,106.74461951228113,104.68963614068896,0
2023-01-01 08:49:00,106.77500800970508,106.79606098617879,104.70390825499555,0
2023-01-01 08:50:00,107.52140926197899,106.85159150340398,104.72301750985277,0
2023-01-01 08:51:00,106.33879294064204,106.85054470419743,104.73490607043023,0
2023-01-01 08:52:00,107.09661420560838,106.88689440505664,104.74592270560919,0
2023-01-01 08:53:00,106.4771052602065,106.90404189687588,104.7462799133314,0
2023-01-01 08:54:00,106.70273779710296,106.91954674571767,104.74550894753193,0
2023-01-01 08:55:00,106.99173332440809,106.91184693185491,104.75537546698641,0
2023-01-01 08:56:00,106.4708198029096,106.8804321997596,104.75293032243214,0
2023-01-01 08:57:00,106.63565948272792,106.89052338701156,104.76790805200206,0
2023-01-01 08:58:00,107.25224061646459,106.90116940495246,104.79145642824489,0
2023-01-01 08:59:00,106.37640204473581,106.84872718051614,104.79884970739177,0
2023-01-01 09:00:00,106.99341656061753,106.88502748894552,104.8111078407074,0
2023-01-01 09:01:00,105.91680016262917,106.80992517615462,104.81562278017458,0
2023-01-01 09:02:00,106.64840943716108,106.79968251691344,104.83860901156434,0
2023-01-01 09:03:00,107.0023428934591,106.77482322474013,104.8562624548652,0
2023-01-01 09:04:00,104.9404268553057,106.67912337357616,104.86042657986711,0
2023-01-01 09:05:00,105.66958636101467,106.6452247441435,104.86309374084558,0
2023-01-01 09:06:00,106.24591583791997,106.63540642414375,104.874146110251,0
2023-01-01 09:07:00,105.74323993614996,106.55865482715326,104.88783028225244,0
2023-01-01 09:08:00,105.91623940381426,106.48574500972806,104.90225534620596,0
2023-01-01 09:09:00,105.31358844570072,106.41267403152786,104.91453148788185,0
2023-01-01 09:10:00,105.54329489373644,106.31376831311573,104.92527783230558,0
2023-01-01 09:11:00,105.30658034324534,106.26215768324589,104.9297237345261,0
2023-01-01 09:12:00,105.85322456370129,106.19998820115055,104.95049127506608,0
2023-01-01 09:13:00,105.28244779247916,106.14025532776418,104.959243146705,0
2023-01-01 09:14:00,105.21142155670789,106.06568951574441,104.97358244810722,0
2023-01-01 09:15:00,104.72602752818887,105.95240422593345,104.98548742743795,0
2023-01-01 09:16:00,104.5799477825944,105.8578606249177,104.99358454811735,0
2023-01-01 09:17:00,104.50216232296003,105.7511857669293,105.00659796879035,0
2023-01-01 09:18:00,104.81371872298571,105.62925967225536,105.02133847602897,0
2023-01-01 09:19:00,104.30785416963187,105.52583227850016,105.03522294308782,0
2023-01-01 09:20:00,104.56931692386325,105.40462729666244,105.03684819170772,0
2023-01-01 09:21:00,105.37285241982534,105.37742990952225,105.05704887794109,0
2023-01-01 09:22:00,104.68646813985848,105.27933284465712,105.07490312899822,0
2023-01-01 09:23:00,104.00905097907325,105.12966824893783,105.0822031117837,0
2023-01-01 09:24:00,104.69958047553041,105.11762592994907,105.09877082164297,0
2023-01-01 09:25:00,103.82792832473933,105.0255430281353,105.10783529277552,-1
2023-01-01 09:26:00,102.95228188140705,104.86086133030965,105.10457383659943,0
2023-01-01 09:27:00,103.41334348445358,104.74436650772483,105.1057458664946,0
2023-01-01 09:28:00,102.93494993455504,104.59530203426186,105.10904441262751,0
2023-01-01 09:29:00,103.65469028620284,104.51235712628697,105.12016593641054,0
2023-01-01 09:30:00,103.80709615700447,104.42554718945038,105.13163328679225,0
2023-01-01 09:31:00,104.61105233388038,104.39077078898212,105.1615250791773,0
2023-01-01 09:32:00,103.9188891854247,104.2940540200683,105.18073567135711,0
2023-01-01 09:33:00,103.63622033296662,104.21174264709268,105.18280579737583,0
2023-01-01 09:34:00,104.1586493337352,104.15910403594403,105.18872798671426,0
2023-01-01 09:35:00,102.64443234549606,104.0550242768094,105.188917490367,0
2023-01-01 09:36:00,103.88175382219775,104.02011457878957,105.19721277834225,0
2023-01-01 09:37:00,104.17120319431453,104.00356662235728,105.209510853539,0
2023-01-01 09:38:00,103.0761323756527,103.91668730499063,105.1967235182678,0
2023-01-01 09:39:00,104.42471069934622,103.92253013147635,105.20684441392666,0
2023-01-01 09:40:00,104.06713517115689,103.89742104384104,105.21917648392154,0
2023-01-01 09:41:00,103.7428030712731,103.81591857641342,105.23187774655504,0
2023-01-01 09:42:00,104.3267368281211,103.79793201082657,105.25307388748686,0
2023-01-01 09:43:00,105.21273306881447,103.85811611531362,105.27341003359656,0
2023-01-01 09:44:00,104.24227727652523,103.83525095536336,105.28810111859825,0
2023-01-01 09:45:00,104.35607630440026,103.86165835434642,105.30645349007774,0
2023-01-01 09:46:00,104.08929306467829,103.91850891350998,105.31738955000127,0
2023-01-01 09:47:00,103.98714056042479,103.94719876730854,105.328548068172,0
2023-01-01 09:48:00,104.92607369641475,104.04675495540152,105.33426403907937,0
2023-01-01 09:49:00,104.1871101075482,104.07337594646879,105.33557542116509,0
2023-01-01 09:50:00,104.76021261402477,104.1210317693198,105.34597311555775,0
2023-01-01 09:51:00,104.59951768665945,104.12045503695876,105.34618510762948,0
2023-01-01 09:52:00,105.19598256466978,104.18430970592101,105.35819316521999,0
2023-01-01 09:53:00,105.24527246951332,104.26476231274835,105.37416789675304,0
2023-01-01 09:54:00,105.7225208667596,104.34295588939956,105.381739976088,0
2023-01-01 09:55:00,105.07695781182272,104.4645821627159,105.38649534387528,0
2023-01-01 09:56:00,105.3276827580236,104.53687860950717,105.40033219997048,0
2023-01-01 09:57:00,105.10585551293738,104.58361122543833,105.40639007478198,0
2023-01-01 09:58:00,105.50718690283334,104.70516395179736,105.41854669974849,0
2023-01-01 09:59:00,106.0530692074638,104.78658187720325,105.43734720086856,0
2023-01-01 10:00:00,106.37849430832267,104.90214983406153,105.44650125621412,0
2023-01-01 10:01:00,105.67449837696982,104.99873459934636,105.44234334639089,0
2023-01-01 10:02:00,106.70546942718144,105.11767122929939,105.4636842138605,0
2023-01-01 10:03:00,107.08258155857393,105.21116365378737,105.47764755697108,0
2023-01-01 10:04:00,106.74409722594156,105.33625465125817,105.49296794433282,0
2023-01-01 10:05:00,107.60643189502893,105.49877243078961,105.51478755031444,0
2023-01-01 10:06:00,106.40935450581757,105.61477550284658,105.52388057394009,1
2023-01-01 10:07:00,106.29923123147442,105.73038003639905,105.53197725427194,0
2023-01-01 10:08:00,106.15414722375128,105.79178371276586,105.53284104488768,0
2023-01-01 10:09:00,107.90967574570259,105.9779119946736,105.55447601702718,0
2023-01-01 10:10:00,107.60275333276198,106.12003903061047,105.56639556118007,0
2023-01-01 10:11:00,107.35705564404215,106.25791592847959,105.57636882837276,0
2023-01-01 10:12:00,107.62907852501729,106.37957072649696,105.58896341173869,0
2023-01-01 10:13:00,107.02519273119363,106.46856673958098,105.59787378481242,0
2023-01-01 10:14:00,108.90390247536,106.62763582001101,105.62298640136333,0
2023-01-01 10:15:00,107.8326445797375,106.76542015840676,105.62985555114409,0
2023-01-01 10:16:00,107.90335324830647,106.8942036829209,105.63789793917898,0
2023-01-01 10:17:00,108.28549667203707,107.05318574087588,105.65641454852246,0
2023-01-01 10:18:00,108.2301587208004,107.18933433177422,105.66832293315402,0
2023-01-01 10:19:00,108.16149498391607,107.29475562059683,105.67568541765856,0
2023-01-01 10:20:00,107.70687580486765,107.3611746954241,105.69008007178692,0
2023-01-01 10:21:00,108.38290050082526,107.49659480161685,105.6997206126107,0
2023-01-01 10:22:00,109.12558674969489,107.61760066774252,105.72244385388781,0
2023-01-01 10:23:00,108.88693942570644,107.70781856109916,105.73631796077561,0
2023-01-01 10:24:00,109.03264677017624,107.8222460383109,105.75810018969152,0
2023-01-01 10:25:00,107.9943921617844,107.84164405164866,105.77456852181268,0
2023-01-01 10:26:00,107.76125104672725,107.90923887869414,105.78775820990082,0
2023-01-01 10:27:00,108.19133594257913,108.00384411424939,105.79688885056702,0
2023-01-01 10:28:00,108.27243695760173,108.10975860094193,105.80586886261985,0
2023-01-01 10:29:00,108.77426208149275,108.15298791773141,105.82586140333773,0
2023-01-01 10:30:00,107.3558807177329,108.14064428697995,105.82420611789526,0
2023-01-01 10:31:00,108.93432813150682,108.21950791135319,105.85016146980392,0
2023-01-01 10:32:00,108.05065015564253,108.24058649288447,105.85970182930427,0
2023-01-01 10:33:00,107.86917282511402,108.28278549758048,105.87362250495335,0
2023-01-01 10:34:00,107.52260366337394,108.21372055698116,105.88182116361604,0
2023-01-01 10:35:00,107.14060565281702,108.17911861063514,105.88330988690014,0
2023-01-01 10:36:00,108.31261177753254,108.19958153709645,105.90172780664636,0
2023-01-01 10:37:00,107.86459623843704,108.17853651541645,105.91401717420345,0
2023-01-01 10:38:00,107.10411376198684,108.12223426747578,105.91253590565867,0
2023-01-01 10:39:00,107.01730859346557,108.06502494795325,105.91894497114598,0
2023-01-01 10:40:00,107.4076781549399,108.05006506545685,105.9230875870892,0
2023-01-01 10:41:00,108.31616435260268,108.04672825804573,105.94708122898894,0
2023-01-01 10:42:00,107.25371167252163,107.95313450418708,105.95313425134255,0
2023-01-01 10:43:00,106.5299871065711,107.8352868882303,105.94841069347365,0
2023-01-01 10:44:00,107.05337757332639,107.7363234283878,105.96954020065385,0
2023-01-01 10:45:00,106.93167220387606,107.6831874304924,105.98216105908249,0
2023-01-01 10:46:00,105.60893645285893,107.57557170079897,105.97579126523188,0
2023-01-01 10:47:00,106.81761519591255,107.50688566346564,105.9865350178295,0
2023-01-01 10:48:00,106.61519920202427,107.42402377568678,105.99352461581161,0
2023-01-01 10:49:00,106.96368422146533,107.33349488268541,106.01002557356922,0
2023-01-01 10:50:00,107.42447804747269,107.33692474917238,106.02883740510659,0
2023-01-01 10:51:00,106.94770147571526,107.23759341638281,106.0452486164313,0
2023-01-01 10:52:00,106.13488918759398,107.1418053679804,106.04806526267022,0
2023-01-01 10:53:00,105.60197441645771,107.02844544754757,106.05126052891,0
2023-01-01 10:54:00,107.32930012729523,107.01878027074363,106.07243931461589,0
2023-01-01 10:55:00,105.96157522825736,106.95982874951565,106.08479479161657,0
2023-01-01 10:56:00,105.83071554058714,106.83573393766838,106.09730246919649,0
2023-01-01 10:57:00,105.70637887331483,106.72782306941228,106.10934463470005,0
2023-01-01 10:58:00,105.71553503218048,106.65839413292197,106.118362797792,0
2023-01-01 10:59:00,105.44616620408004,106.57983701345267,106.12974591813646,0
2023-01-01 11:00:00,105.13759849197496,106.46633303030444,106.13542873381759,0
2023-01-01 11:01:00,105.06172254988242,106.30361094016841,106.13231743511817,0
2023-01-01 11:02:00,105.23452915303463,106.20265181419407,106.13779804524992,0
2023-01-01 11:03:00,104.90035035959029,106.12116997684502,106.14671103905508,-1
2023-01-01 11:04:00,104.74255062310984,106.00562862933421,106.14714074053089,0
2023-01-01 11:05:00,105.08518112509606,105.91330407539519,106.15971326853445,0
2023-01-01 11:06:00,104.84385554028555,105.87505002976653,106.17862900512324,0
2023-01-01 11:07:00,105.66938313420363,105.81763842668109,106.20118940162074,0
2023-01-01 11:08:00,103.54486099087147,105.66412151612344,106.2072885121839,0
2023-01-01 11:09:00,105.37620045418473,105.58474732775942,106.22450361386373,0
2023-01-01 11:10:00,105.4209295636585,105.48456990356871,106.24064194793026,0
2023-01-01 11:11:00,103.73613856153867,105.32399175785989,106.23189281020684,0
2023-01-01 11:12:00,104.58408170150244,105.24645138355531,106.23854473536763,0
2023-01-01 11:13:00,104.56005016437315,105.19435517095107,106.2477830336817,0
2023-01-01 11:14:00,104.04019069578455,105.02989969937553,106.24659844730219,0
2023-01-01 11:15:00,104.36109165620456,104.94987552077289,106.26376504040927,0
2023-01-01 11:16:00,104.20865862041055,104.86877267476407,106.2670340883914,0
2023-01-01 11:17:00,105.66190581908285,104.86654902205245,106.28194111463907,0
2023-01-01 11:18:00,105.28326469511636,104.84493550519926,106.30401243783372,0
2023-01-01 11:19:00,105.48861122523984,104.84705775625726,106.31465144309264,0
2023-01-01 11:20:00,105.25872299943131,104.85311398163007,106.32656732137539,0
2023-01-01 11:21:00,104.38592114261488,104.81932391126671,106.33299850208881,0
2023-01-01 11:22:00,104.74808576192805,104.79500174171135,106.33721199142688,0
2023-01-01 11:23:00,105.32207392052624,104.81608791975816,106.338305399944,0
2023-01-01 11:24:00,104.54028024455,104.80597440083018,106.34128542962426,0
2023-01-01 11:25:00,105.58846522633628,104.83113860589216,106.35360931884361,0
2023-01-01 11:26:00,105.19881081536936,104.84888636964638,106.36470449635051,0
2023-01-01 11:27:00,105.22465234138238,104.8266498300053,106.3770796141601,0
2023-01-01 11:28:00,105.86638577224436,104.94272606907396,106.38648273491839,0
2023-01-01 11:29:00,105.83728367624562,104.965780230177,106.40298447060538,0
2023-01-01 11:30:00,105.54394641250552,104.97193107261936,106.41082180859017,0
2023-01-01 11:31:00,106.41801131172413,105.10602471012862,106.4290067448408,0
2023-01-01 11:32:00,105.41596098799661,105.14761867445334,106.43120652907407,0
2023-01-01 11:33:00,106.38640922034199,105.23893662725177,106.44261789658238,0
2023-01-01 11:34:00,106.50030152361484,105.36194216864328,106.45039570315092,0
2023-01-01 11:35:00,106.17719279159311,105.45274722541271,106.46139805294864,0
2023-01-01 11:36:00,106.62568673679132,105.57359863123175,106.4743780927363,0
2023-01-01 11:37:00,105.9696805826359,105.58898736940941,106.4830163434333,0
2023-01-01 11:38:00,107.19134704247485,105.68439148677733,106.49985794482971,0
2023-01-01 11:39:00,106.77196789271987,105.74855932015132,106.50704693168227,0
2023-01-01 11:40:00,106.73863848974047,105.8225550946668,106.51064837349644,0
2023-01-01 11:41:00,107.66008565197708,105.9862633201349,106.53050424624652,0
2023-01-01 11:42:00,106.91849462185722,106.09478376313136,106.53263449819329,0
2023-01-01 11:43:00,106.70053198098967,106.16370666615452,106.52881400241743,0
2023-01-01 11:44:00,106.75906518756776,106.27464591330542,106.5289636820337,0
2023-01-01 11:45:00,107.97103896442272,106.39377460020974,106.53260975272764,0
2023-01-01 11:46:00,107.15603442912122,106.49163578089733,106.54007655196068,0
2023-01-01 11:47:00,108.7989556741223,106.67035094753433,106.56507379638715,1
2023-01-01 11:48:00,107.00254264426157,106.72715879113518,106.57355775059226,0
2023-01-01 11:49:00,109.00988177410301,106.88578869602804,106.58455981087626,0
2023-01-01 11:50:00,108.38107923818625,107.02764533731211,106.59234306993048,0
2023-01-01 11:51:00,108.33649142356218,107.123569342904,106.60213742772571,0
2023-01-01 11:52:00,108.2166346684529,107.2636030269268,106.60801298916004,0
2023-01-01 11:53:00,108.78750531201885,107.38365783151065,106.62563611496832,0
2023-01-01 11:54:00,108.66220913433915,107.49175321204686,106.62321918155811,0
2023-01-01 11:55:00,109.31968492975817,107.64887781895511,106.6380895850583,0
2023-01-01 11:56:00,108.90576967533505,107.7628819658823,106.64811374932859,0
2023-01-01 11:57:00,108.99776424081867,107.91428614879143,106.65523642501641,0
2023-01-01 11:58:00,108.80784799882511,107.99511119660895,106.66101331779666,0
2023-01-01 11:59:00,109.02108015991597,108.10756680996876,106.66960916955664,0
2023-01-01 12:00:00,109.25601391703634,108.23343558133357,106.68510055067834,0
2023-01-01 12:01:00,108.29208212592894,108.26503540503116,106.68419236692938,0
2023-01-01 12:02:00,108.51048179040453,108.3446347634585,106.67804131733646,0
2023-01-01 12:03:00,109.58586144964032,108.48890123689105,106.68503053757583,0
2023-01-01 12:04:00,109.32148617592051,108.6170222863087,106.68791893163326,0
2023-01-01 12:05:00,109.15800833182367,108.67637075467874,106.69955509333366,0
2023-01-01 12:06:00,109.26527042338924,108.78183255439214,106.71459528710025,0
2023-01-01 12:07:00,109.42802025530979,108.81328578345149,106.72696213022759,0
2023-01-01 12:08:00,108.97469466130269,108.91189338430357,106.7339847072646,0
2023-01-01 12:09:00,108.83801395955612,108.90329999357623,106.73462222604522,0
2023-01-01 12:10:00,109.30003566013914,108.94924781467384,106.75406377546928,0
2023-01-01 12:11:00,108.680366582969,108.9664415726442,106.75152415998389,0
2023-01-01 12:12:00,109.33378048278928,109.02229886336104,106.76435546325536,0
2023-01-01 12:13:00,108.23132155796881,108.99448967565854,106.7679769505839,0
2023-01-01 12:14:00,109.54323366966685,109.03854090242491,106.78818325064684,0
2023-01-01 12:15:00,109.20433272995642,109.03277329243483,106.80882052141824,0
2023-01-01 12:16:00,109.02904135270852,109.0389368763035,106.81598481716999,0
2023-01-01 12:17:00,109.31928274681557,109.05501280160334,106.83053168225379,0
2023-01-01 12:18:00,109.58183143408866,109.09371197336652,106.85530885897481,0
2023-01-01 12:19:00,109.17203301200645,109.10125961597105,106.87685610316021,0
2023-01-01 12:20:00,107.65513338891914,109.02121558956519,106.87933065550001,0
2023-01-01 12:21:00,107.84186510659013,108.99870473859824,106.87458766303988,0
2023-01-01 12:22:00,108.07109805935559,108.97673555204578,106.88276152690821,0
2023-01-01 12:23:00,108.29460410823557,108.91217268497556,106.90040769692487,0
2023-01-01 12:24:00,108.43507861560393,108.86785230695973,106.91422470734764,0
2023-01-01 12:25:00,107.70516208217317,108.7952099944772,106.9219596061306,0
2023-01-01 12:26:00,108.05076315656825,108.73448463113616,106.94637787316769,0
2023-01-01 12:27:00,107.4670711629948,108.63643717652042,106.95287243283852,0
2023-01-01 12:28:00,107.42490756563264,108.55894782173691,106.96096951647462,0
2023-01-01 12:29:00,106.91225049063452,108.46265964829081,106.96045517916632,0
2023-01-01 12:30:00,107.03838337694457,108.3495770341311,106.95659423246103,0
2023-01-01 12:31:00,106.70857665813323,108.2509875378893,106.9542029842852,0
2023-01-01 12:32:00,106.78139690638272,108.12336835906896,106.96066806147309,0
2023-01-01 12:33:00,107.68205826913248,108.09590519462715,106.98146889999984,0
2023-01-01 12:34:00,106.56792078125433,107.94713955020654,106.97385510653942,0
2023-01-01 12:35:00,108.24815704366881,107.89933076589213,106.99672092469355,0
2023-01-01 12:36:00,107.0704098450711,107.80139919051028,107.00911786773837,0
2023-01-01 12:37:00,106.81085947871729,107.67597802710539,107.0201626737924,0
2023-01-01 12:38:00,106.18731376170597,107.50625214348622,107.02488046108765,0
2023-01-01 12:39:00,106.86850134974651,107.39107556037325,107.03910381254433,0
2023-01-01 12:40:00,106.13661058229617,107.3151494200421,107.04909393344752,0
2023-01-01 12:41:00,106.39615692782532,107.24286401110385,107.06243827722696,0
2023-01-01 12:42:00,107.53094805727703,107.21585651099993,107.08540246626939,0
2023-01-01 12:43:00,106.12403279529485,107.10732794535288,107.09763929062645,0
2023-01-01 12:44:00,106.67361017759127,107.01925452345226,107.11694988617126,-1
2023-01-01 12:45:00,105.68037779868716,106.91801530927793,107.12290185290716,0
2023-01-01 12:46:00,105.95384990374748,106.81316964663692,107.13400179654178,0
2023-01-01 12:47:00,106.80278695773004,106.77995543637367,107.14533583477706,0
2023-01-01 12:48:00,105.55686236617409,106.68655317640075,107.16545584853007,0
2023-01-01 12:49:00,106.73667130722197,106.67777421723012,107.17906055706044,0
2023-01-01 12:50:00,106.15176293513743,106.63344319513976,107.18636889077523,0
2023-01-01 12:51:00,105.4916002897956,106.57259437672288,107.20392350805781,0
2023-01-01 12:52:00,106.07162936807038,106.53710599980727,107.21879898472348,0
2023-01-01 12:53:00,106.23204782218441,106.46460547745986,107.23551896130158,0
2023-01-01 12:54:00,106.05485152425204,106.43895201460975,107.25566556958627,0
2023-01-01 12:55:00,104.96488764005477,106.27478854442904,107.26170352942476,0
2023-01-01 12:56:00,105.40037795523102,106.19128694993704,107.27362072277298,0
2023-01-01 12:57:00,105.66201127959529,106.13384453998094,107.2736217773781,0
2023-01-01 12:58:00,105.7782087839926,106.11338929109527,107.27857121826686,0
2023-01-01 12:59:00,106.16316972651808,106.07812270993384,107.28531680327966,0
2023-01-01 13:00:00,105.98673746787631,106.07062905421284,107.2925969479641,0
2023-01-01 13:01:00,105.28277484886844,106.01495995026501,107.30156548502663,0
2023-01-01 13:02:00,106.20044482057094,105.9484347884297,107.31608907561305,0
2023-01-01 13:03:00,106.38267951255419,105.96136712429268,107.32669513153334,0
2023-01-01 13:04:00,106.4312393729615,105.94924858406118,107.34560472281746,0
2023-01-01 13:05:00,106.77235637402741,106.0038475128282,107.35744363429438,0
2023-01-01 13:06:00,106.73593459172287,106.04295174722697,107.3728148720579,0
2023-01-01 13:07:00,106.64165278477141,106.03489503857904,107.3869848764918,0
2023-01-01 13:08:00,106.47582293241328,106.08084306689099,107.39307924809347,0
2023-01-01 13:09:00,105.78467155374463,106.03324307921712,107.39255312686846,0
2023-01-01 13:10:00,106.93923860498134,106.07261686270934,107.40650604879323,0
2023-01-01 13:11:00,106.94219025362355,106.14514636090072,107.41174783821224,0
2023-01-01 13:12:00,107.09228207039425,106.19617899601693,107.4285110490362,0
2023-01-01 13:13:00,106.4400671289597,106.20657996135567,107.42904762812238,0
2023-01-01 13:14:00,106.66322262442651,106.23699851636441,107.4306768391305,0
2023-01-01 13:15:00,107.85854243791655,106.38168125625748,107.44749033559373,0
2023-01-01 13:16:00,107.44284264874194,106.48380449093304,107.45566189471323,0
2023-01-01 13:17:00,107.93598771951486,106.597503312929,107.47532496608201,0
2023-01-01 13:18:00,107.74349272093663,106.69576750977622,107.48084642286665,0
2023-01-01 13:19:00,107.87929703068923,106.78157387498477,107.49191971424634,0
2023-01-01 13:20:00,108.469141902988,106.90569409674035,107.50922474837881,0
2023-01-01 13:21:00,107.87755867494995,107.03543328804444,107.51139947860852,0
2023-01-01 13:22:00,108.31872685559908,107.14134738979585,107.52540180094594,0
2023-01-01 13:23:00,108.17362498481894,107.23089466340909,107.54013273098425,0
2023-01-01 13:24:00,108.32013166061355,107.32533927779168,107.55574339571471,0
2023-01-01 13:25:00,108.51344792701558,107.41239385544108,107.56116748534063,0
2023-01-01 13:26:00,108.90731599118621,107.52096292541425,107.57868030096128,0
2023-01-01 13:27:00,108.6821842722984,107.6229894997906,107.57751258694304,1
2023-01-01 13:28:00,109.67138541099018,107.78276762371945,107.60420101461034,0
2023-01-01 13:29:00,108.71434993884824,107.92925154297464,107.60124569625779,0
2023-01-01 13:30:00,109.18213468250426,108.04139634685077,107.60925625070097,0
2023-01-01 13:31:00,109.1649824503603,108.15253595668761,107.61754116096895,0
2023-01-01 13:32:00,110.21258315403425,108.3085510108696,107.63750064582474,0
2023-01-01 13:33:00,109.6862146430986,108.47085838657657,107.64648773913555,0
2023-01-01 13:34:00,110.1969487552859,108.64754469311954,107.66183513534502,0
2023-01-01 13:35:00,109.0252538022314,108.70588026133528,107.65889082406977,0
2023-01-01 13:36:00,109.98218098393866,108.83284717809511,107.6696549371558,0
2023-01-01 13:37:00,110.36742875789945,108.95441923001434,107.6833515823266,0
2023-01-01 13:38:00,110.03079609956976,109.068784398946,107.69558106333405,0
2023-01-01 13:39:00,110.58229315930919,109.20393420537698,107.71119319332799,0
2023-01-01 13:40:00,109.84346880754012,109.27265055060461,107.71706774223303,0
2023-01-01 13:41:00,110.85184004235005,109.4213646189746,107.74266532139721,0
2023-01-01 13:42:00,111.334023563267,109.57212945435799,107.77090073912586,0
2023-01-01 13:43:00,110.03281012240913,109.66508871123752,107.77537022585355,0
2023-01-01 13:44:00,110.01330219615615,109.74974723801465,107.7822883860559,0
2023-01-01 13:45:00,110.97669223855885,109.87290945359182,107.80047522512325,0
2023-01-01 13:46:00,111.0458395297219,109.9798356305186,107.81828091618658,0
2023-01-01 13:47:00,109.99279938905232,110.04536638635629,107.82392870752399,0
2023-01-01 13:48:00,110.03448109290945,110.06352117045223,107.83452657184007,0
2023-01-01 13:49:00,110.08627401782702,110.13211737440119,107.84700917242277,0
2023-01-01 13:50:00,109.52988777707317,110.14950502912964,107.84930769359212,0
2023-01-01 13:51:00,109.71022699853441,110.17676725653834,107.85960629774777,0
2023-01-01 13:52:00,109.627583721556,110.14751728491441,107.86254433013545,0
2023-01-01 13:53:00,109.69871457753567,110.14814228163627,107.87721826033112,0
2023-01-01 13:54:00,110.01131340731064,110.1388605142375,107.88189905770754,0
2023-01-01 13:55:00,110.08514135501815,110.19185489187684,107.89070714395817,0
2023-01-01 13:56:00,110.67627673195862,110.22655967927786,107.90717949775066,0
2023-01-01 13:57:00,109.32876023447342,110.17462625310657,107.90727427262723,0
2023-01-01 13:58:00,110.24125541109566,110.18514921868284,107.91386851239731,0
2023-01-01 13:59:00,109.55785355738463,110.13392723858662,107.9177267178511,0
2023-01-01 14:00:00,109.55083864975875,110.11929573069753,107.9366837704595,0
2023-01-01 14:01:00,109.81906333604128,110.0676568953821,107.95645575275401,0
2023-01-01 14:02:00,108.82214633742228,109.9420630340899,107.96396623553466,0
2023-01-01 14:03:00,109.47276345622217,109.91406070078054,107.97574782901452,0
2023-01-01 14:04:00,109.2594752094759,109.87636935144651,107.98399179495325,0
2023-01-01 14:05:00,109.31425962075397,109.79324772055627,108.00008277033906,0
2023-01-01 14:06:00,109.10196409628364,109.69605394888436,108.01059477973622,0
2023-01-01 14:07:00,110.0724126991269,109.70003461438807,108.03664819509753,0
2023-01-01 14:08:00,108.41179647500296,109.61890038349277,108.04651708419124,0
2023-01-01 14:09:00,108.35008256155771,109.5320908106793,108.06089540490048,0
2023-01-01 14:10:00,108.18842973678763,109.465017908665,108.0723958684989,0
2023-01-01 14:11:00,108.10668040136126,109.38484057880635,108.08637690593119,0
2023-01-01 14:12:00,107.95063996921813,109.30099339118946,108.09806933655955,0
2023-01-01 14:13:00,108.74974563638233,109.25354494413182,108.10874621023204,0
2023-01-01 14:14:00,108.75287234966522,109.19062289124955,108.13059572591615,0
2023-01-01 14:15:00,107.64659286437536,109.0686954667174,108.12458008412321,0
2023-01-01 14:16:00,107.40757310807854,108.90526028552338,108.12795171675329,0
2023-01-01 14:17:00,107.95414919506305,108.83652973355285,108.13938461391676,0
2023-01-01 14:18:00,107.3403811296561,108.69148601948089,108.15091528759625,0
2023-01-01 14:19:00,107.83481231891977,108.60533395755765,108.16057839728798,0
2023-01-01 14:20:00,107.5258910058407,108.50408657536175,108.17447120152343,0
2023-01-01 14:21:00,106.57727996300402,108.34199740670988,108.17628243187521,0
2023-01-01 14:22:00,108.02465838880767,108.30212300927914,108.18121953519051,0
2023-01-01 14:23:00,108.07000158170494,108.23198491555328,108.2006792230546,0
2023-01-01 14:24:00,106.79257916920623,108.1086401135398,108.20186891297077,-1
2023-01-01 14:25:00,106.83811523128212,107.98483289406622,108.21344628729672,0
2023-01-01 14:26:00,107.11427684435841,107.88544853146996,108.22505055670283,0
2023-01-01 14:27:00,107.0846150349058,107.7360586482589,108.22786883747457,0
2023-01-01 14:28:00,107.19961803140438,107.67544972607898,108.24429639412689,0
2023-01-01 14:29:00,107.83554929760668,107.6497230628814,108.25528517403072,0
2023-01-01 14:30:00,106.70941335366267,107.57577224372517,108.26086167821599,0
2023-01-01 14:31:00,106.37368505547353,107.48912247643077,108.26968252587275,0
2023-01-01 14:32:00,106.06576588453535,107.39487877219665,108.26962389103743,0
2023-01-01 14:33:00,106.3803055774001,107.27640676924753,108.27110646858956,0
2023-01-01 14:34:00,106.72738305670656,107.1751323045996,108.27783178391411,0
2023-01-01 14:35:00,107.64727893175889,107.17516660796878,108.30465569683116,0
2023-01-01 14:36:00,106.50514089362538,107.13004499724612,108.3157033262151,0
2023-01-01 14:37:00,106.8976645731905,107.07722076615248,108.32805985915105,0
2023-01-01 14:38:00,106.80721405050625,107.05056241219499,108.33834991181618,0
2023-01-01 14:39:00,107.44703031446677,107.03117331197234,108.35118851769566,0
2023-01-01 14:40:00,108.1613531803465,107.06294642069763,108.37293467482037,0
2023-01-01 14:41:00,106.68501264176334,107.0683330546356,108.38695705274932,0
2023-01-01 14:42:00,106.76562617380884,107.00538144388568,108.39260886628172,0
2023-01-01 14:43:00,107.59946707844679,106.98185471872276,108.40477674194062,0
2023-01-01 14:44:00,107.49228989380913,107.0168402549529,108.4153872471491,0
2023-01-01 14:45:00,108.1553196741181,107.0827004770947,108.42921688015002,0
2023-01-01 14:46:00,107.6109376071114,107.10753351523235,108.43796691030391,0
2023-01-01 14:47:00,107.23241669976366,107.11492359847526,108.44387454945382,0
2023-01-01 14:48:00,107.80623320348877,107.14525435707947,108.45717865216459,0
2023-01-01 14:49:00,108.16950381079407,107.16195208273882,108.48102697473507,0
2023-01-01 14:50:00,108.13467058601374,107.23321494435638,108.49298129454539,0
2023-01-01 14:51:00,108.09198342559566,107.3191298628625,108.50447922626512,0
2023-01-01 14:52:00,108.48982999659114,107.44033306846526,108.51845470552708,0
2023-01-01 14:53:00,108.66308921209269,107.55447225019991,108.54068492635842,0
2023-01-01 14:54:00,108.8948303901494,107.66284461687205,108.56300100401565,0
2023-01-01 14:55:00,108.65632095504493,107.71329671803635,108.57097878918692,0
2023-01-01 14:56:00,108.37906118551186,107.80699273263068,108.58034097455464,0
2023-01-01 14:57:00,108.6685942140452,107.8955392146734,108.58766703949993,0
2023-01-01 14:58:00,109.33258801612557,108.02180791295436,108.60355799245183,0
2023-01-01 14:59:00,108.45595112544775,108.07225395350342,108.60932453339939,0
2023-01-01 15:00:00,109.18433665443645,108.12340312720792,108.61647648091387,0
2023-01-01 15:01:00,108.93891163289494,108.2360980767645,108.62709001049336,0
2023-01-01 15:02:00,109.28503887859601,108.36206871200386,108.63675313072332,0
2023-01-01 15:03:00,110.04398856047511,108.48429478610528,108.65545676647987,0
2023-01-01 15:04:00,109.63292930833965,108.59132675683182,108.66858474295712,0
2023-01-01 15:05:00,109.69125226282796,108.6681233862673,108.68036278631526,0
2023-01-01 15:06:00,109.1163210348794,108.7433925576557,108.6824528367522,1
2023-01-01 15:07:00,110.29468536614374,108.8965059909747,108.69857784769064,0
2023-01-01 15:08:00,110.36624943877396,109.02450680273896,108.70552648796847,0
2023-01-01 15:09:00,111.24328095161074,109.17819565977979,108.7308157980961,0
2023-01-01 15:10:00,110.12168138710845,109.27754619983452,108.74021126514215,0
2023-01-01 15:11:00,110.49442314332934,109.39766818572123,108.75350567207182,0
2023-01-01 15:12:00,110.61378605371276,109.50386598857729,108.75751770106862,0
2023-01-01 15:13:00,111.37666389472456,109.63954472270889,108.77442219358488,0
2023-01-01 15:14:00,110.6333787193581,109.72647213916932,108.77878649322561,0
2023-01-01 15:15:00,110.90754475163506,109.83903332899884,108.79760940271964,0
2023-01-01 15:16:00,111.1526041058623,109.97771047501635,108.80931363393888,0
2023-01-01 15:17:00,111.01591792166592,110.0950766603974,108.81579852557655,0
2023-01-01 15:18:00,110.76643729765678,110.16676912447394,108.8231549375574,0
2023-01-01 15:19:00,111.14659796822565,110.30130146661284,108.82879798564657,0
2023-01-01 15:20:00,111.6389289075202,110.42403107926705,108.84675258664637,0
2023-01-01 15:21:00,110.63390867255174,110.50878093124986,108.8445732729484,0
2023-01-01 15:22:00,111.25105933853081,110.60708195424661,108.84374363070103,0
2023-01-01 15:23:00,110.86416899515937,110.64809097598081,108.85205721942853,0
2023-01-01 15:24:00,111.83357677131896,110.7581233491298,108.87025996518015,0
2023-01-01 15:25:00,110.48840654760811,110.7979810633688,108.86537710827066,0
2023-01-01 15:26:00,110.97659253322075,110.89099463828589,108.86468463830566,0
2023-01-01 15:27:00,111.44283534016121,110.94840213698674,108.87918499781674,0
2023-01-01 15:28:00,112.02733651607456,111.03145649085177,108.89911355204839,0
2023-01-01 15:29:00,111.19429119172078,111.02900700285727,108.91019372378733,0
2023-01-01 15:30:00,110.9245132692437,111.06914859696403,108.92413997870902,0
2023-01-01 15:31:00,112.1101315064968,111.1499340151224,108.94813902378866,0
2023-01-01 15:32:00,110.40564715472391,111.13952707017297,108.95591965812032,0
2023-01-01 15:33:00,109.9832103817777,111.06985439452562,108.95876461616274,0
2023-01-01 15:34:00,111.24866307603071,111.10061861235924,108.97113811284997,0
2023-01-01 15:35:00,110.71700687657358,111.09109171860618,108.97745676806551,0
2023-01-01 15:36:00,110.39041007698623,111.05298201716239,108.97459810151578,0
2023-01-01 15:37:00,111.18211547849252,111.0612918950037,108.99313165395598,0
2023-01-01 15:38:00,110.87099456874299,111.06651975855803,108.99942904553245,0
2023-01-01 15:39:00,110.38280866412902,111.02833029335318,109.00767859659989,0
2023-01-01 15:40:00,109.93541830524951,110.94315476323963,109.0115243931548,0
2023-01-01 15:41:00,110.91788225409807,110.95735344231696,109.02251258233537,0
2023-01-01 15:42:00,110.70860793718275,110.93023087224955,109.04137719833298,0
2023-01-01 15:43:00,110.23197065124046,110.89862095505362,109.04896927028317,0
2023-01-01 15:44:00,111.0995676033932,110.8619204966573,109.06737019422233,0
2023-01-01 15:45:00,109.53299160558684,110.81414974955626,109.06955751407065,0
2023-01-01 15:46:00,109.19461718886734,110.72505098233857,109.07048404499648,0
2023-01-01 15:47:00,109.49880859423084,110.62784964504208,109.06474800394753,0
2023-01-01 15:48:00,109.70787345895089,110.51187649218589,109.077708773787,0
2023-01-01 15:49:00,109.73725076371998,110.43902447078585,109.09158045580864,0
2023-01-01 15:50:00,109.37938197107184,110.36176790587726,109.10348997815149,0
2023-01-01 15:51:00,109.56044665919853,110.23428366351234,109.11802764072984,0
2023-01-01 15:52:00,108.64356382077618,110.14617949681497,109.12495687924542,0
2023-01-01 15:53:00,109.87711967286518,110.14087496136933,109.13623061961025,0
2023-01-01 15:54:00,109.00154463647401,110.0285190393915,109.13871734247834,0
2023-01-01 15:55:00,109.49061392704418,109.96719939191503,109.15715755310502,0
2023-01-01 15:56:00,108.99511356781952,109.89743456645667,109.17303295770245,0
2023-01-01 15:57:00,108.94681802644673,109.7856696938544,109.18295964601629,0
2023-01-01 15:58:00,108.90137629191268,109.68718878001289,109.19856959763885,0
2023-01-01 15:59:00,108.74220069005067,109.60515838130898,109.20764348135017,0
2023-01-01 16:00:00,108.74579087534885,109.54567700981394,109.21984248004523,0
2023-01-01 16:01:00,108.99972828556884,109.44976931138748,109.24406696327088,0
2023-01-01 16:02:00,108.34916637299337,109.33179723317801,109.24731204311274,0
2023-01-01 16:03:00,108.52656462395143,109.24652693181356,109.2518776735352,-1
2023-01-01 16:04:00,108.05410566730481,109.09425383500914,109.26449293851618,0
2023-01-01 16:05:00,108.75202461897484,109.05520548567854,109.28363203239313,0
2023-01-01 16:06:00,107.63314799796633,108.97713202613349,109.2888207439292,0
2023-01-01 16:07:00,108.81785685636768,108.94308443924032,109.30615316214381,0
2023-01-01 16:08:00,107.85026691974579,108.85020411228008,109.31265965102725,0
2023-01-01 16:09:00,107.11505947716448,108.7190945479523,109.30545475282281,0
2023-01-01 16:10:00,107.86193917486509,108.64322240814197,109.31698001103484,0
2023-01-01 16:11:00,107.4323078490053,108.5368154676323,109.32756623897016,0
2023-01-01 16:12:00,108.17574727303699,108.51342464024533,109.34866605285517,0
2023-01-01 16:13:00,107.41945860771985,108.39054158698806,109.35905758315837,0
2023-01-01 16:14:00,107.52085482653607,108.31650709649118,109.36699230085665,0
2023-01-01 16:15:00,106.80522963452724,108.18223788186533,109.35857180788435,0
2023-01-01 16:16:00,107.53779338351892,108.10937187265031,109.36889833278329,0
2023-01-01 16:17:00,106.57383093405656,107.99072251803076,109.36565999639193,0
2023-01-01 16:18:00,107.02347408679977,107.89682740777513,109.36782259675486,0
2023-01-01 16:19:00,108.2330410058149,107.87136942356335,109.37568270366836,0
2023-01-01 16:20:00,108.2907870467351,107.84861923213266,109.37697704233224,0
2023-01-01 16:21:00,108.16317580911597,107.80679160831002,109.39175867400577,0
2023-01-01 16:22:00,107.52685782350335,107.76567618083553,109.3993709905027,0
2023-01-01 16:23:00,108.05353096184129,107.74202449773001,109.40391162933665,0
2023-01-01 16:24:00,108.14954287945069,107.74679635833732,109.41048415919308,0
2023-01-01 16:25:00,107.65278366665382,107.69183431072126,109.40545879911842,0
2023-01-01 16:26:00,109.07067266533201,107.76371054408953,109.42005614970063,0
2023-01-01 16:27:00,108.85074389044502,107.76535489579342,109.43623942160744,0
2023-01-01 16:28:00,108.40042370122778,107.7928627348675,109.44218132658484,0
2023-01-01 16:29:00,108.62859493999987,107.86853950800928,109.4467722378769,0
2023-01-01 16:30:00,108.82862089938884,107.91687359423547,109.45371174101065,0
2023-01-01 16:31:00,107.81747897582984,107.9361321505767,109.45096669651299,0
2023-01-01 16:32:00,108.83290396053627,107.96898998495165,109.45439743615245,0
2023-01-01 16:33:00,108.73744929287096,108.03488951920922,109.45514103696021,0
2023-01-01 16:34:00,108.70294088968319,108.09399382236657,109.45322214195556,0
2023-01-01 16:35:00,109.19141586480713,108.21330313388057,109.45857309105318,0
2023-01-01 16:36:00,110.36146348909504,108.35448663915938,109.47839711408902,0
2023-01-01 16:37:00,109.91565880146206,108.52157803252965,109.49086775996318,0
2023-01-01 16:38:00,109.44374403798,108.64259153008865,109.49197932018173,0
2023-01-01 16:39:00,110.15071035161942,108.73847499737887,109.50892691244346,0
